0;0;AAL_CC0;0;;;80;;Never;;;F;F;0
0;0;AAL_CC0;1;;;80;;Never;;;F;F;0
0;0;AAL_CC0;2;;;80;;Never;;;F;F;0
0;0;AAL_CCF;0;;;80;;Never;;;F;F;0
0;0;AAL_CCF;1;;;80;;Never;;;F;F;0
0;0;AAL_CCF;2;;;80;;Never;;;F;F;0
0;0;AAL_CCG;0;;;80;;Never;;;F;F;0
0;0;AAL_CCG;1;;;80;;Never;;;F;F;0
0;0;AAL_CCG;2;;;80;;Never;;;F;F;0
0;0;AAL_CCH;0;;;80;;Never;;;F;F;0
0;0;AAL_CCH;1;;;80;;Never;;;F;F;0
0;0;AAL_CCH;2;;;80;;Never;;;F;F;0
0;0;AAL_CCI;0;;;80;;Never;;;F;F;0
0;0;AAL_CCI;1;;;80;;Never;;;F;F;0
0;0;AAL_CCI;2;;;80;;Never;;;F;F;0
0;0;AAL_CCE;0;;;80;;Never;;;F;F;0
0;0;AAL_CCE;1;;;80;;Never;;;F;F;0
0;0;AAL_CCE;2;;;80;;Never;;;F;F;0
0;0;AAL_CC1;0;;;80;;Never;;;F;F;0
0;0;AAL_CC1;1;;;80;;Never;;;F;F;0
0;0;AAL_CC1;2;;;80;;Never;;;F;F;0
0;0;AAL_CCD;0;;;80;;Never;;;F;F;0
0;0;AAL_CCD;1;;;80;;Never;;;F;F;0
0;0;AAL_CCD;2;;;80;;Never;;;F;F;0
0;0;AAL_CCD1;0;;;80;;Never;;;F;F;0
0;0;AAL_CCD1;1;;;80;;Never;;;F;F;0
0;0;AAL_CCD1;2;;;80;;Never;;;F;F;0
0;0;AAL_CCD2;0;;;80;;Never;;;F;F;0
0;0;AAL_CCD2;1;;;80;;Never;;;F;F;0
0;0;AAL_CCD2;2;;;80;;Never;;;F;F;0
0;0;AAL_CCA;0;;;80;;Never;;;F;F;0
0;0;AAL_CCA;1;;;80;;Never;;;F;F;0
0;0;AAL_CCA;2;;;80;;Never;;;F;F;0
0;0;AAL_CC11;0;;;80;;Never;;;F;F;0
0;0;AAL_CC11;1;;;80;;Never;;;F;F;0
0;0;AAL_CC11;2;;;80;;Never;;;F;F;0
0;0;AAL_CC112;0;;;80;;Never;;;F;F;0
0;0;AAL_CC112;1;;;80;;Never;;;F;F;0
0;0;AAL_CC112;2;;;80;;Never;;;F;F;0
0;0;AAL_CC114;0;;;80;;Never;;;F;F;0
0;0;AAL_CC114;1;;;80;;Never;;;F;F;0
0;0;AAL_CC114;2;;;80;;Never;;;F;F;0
0;0;AAL_CC117;0;;;80;;Never;;;F;F;0
0;0;AAL_CC117;1;;;80;;Never;;;F;F;0
0;0;AAL_CC117;2;;;80;;Never;;;F;F;0
0;0;AAL_CC118;0;;;80;;Never;;;F;F;0
0;0;AAL_CC118;1;;;80;;Never;;;F;F;0
0;0;AAL_CC118;2;;;80;;Never;;;F;F;0
0;0;AAL_CC12;0;;;80;;Never;;;F;F;0
0;0;AAL_CC12;1;;;80;;Never;;;F;F;0
0;0;AAL_CC12;2;;;80;;Never;;;F;F;0
0;0;AAL_CC13;0;;;80;;Never;;;F;F;0
0;0;AAL_CC13;1;;;80;;Never;;;F;F;0
0;0;AAL_CC13;2;;;80;;Never;;;F;F;0
0;0;AAL_CC14;0;;;80;;Never;;;F;F;0
0;0;AAL_CC14;1;;;80;;Never;;;F;F;0
0;0;AAL_CC14;2;;;80;;Never;;;F;F;0
0;0;AAL_CC15;0;;;80;;Never;;;F;F;0
0;0;AAL_CC15;1;;;80;;Never;;;F;F;0
0;0;AAL_CC15;2;;;80;;Never;;;F;F;0
0;0;AAL_CC16;0;;;80;;Never;;;F;F;0
0;0;AAL_CC16;1;;;80;;Never;;;F;F;0
0;0;AAL_CC16;2;;;80;;Never;;;F;F;0
0;0;AAL_CCB;0;;;80;;Never;;;F;F;0
0;0;AAL_CCB;1;;;80;;Never;;;F;F;0
0;0;AAL_CCB;2;;;80;;Never;;;F;F;0
0;0;AAL_CCB1;0;;;80;;Never;;;F;F;0
0;0;AAL_CCB1;1;;;80;;Never;;;F;F;0
0;0;AAL_CCB1;2;;;80;;Never;;;F;F;0
0;0;AAL_CC1A;0;;;80;;Never;;;F;F;0
0;0;AAL_CC1A;1;;;80;;Never;;;F;F;0
0;0;AAL_CC1A;2;;;80;;Never;;;F;F;0
0;0;AAL_CC1A1;0;;;80;;Never;;;F;F;0
0;0;AAL_CC1A1;1;;;80;;Never;;;F;F;0
0;0;AAL_CC1A1;2;;;80;;Never;;;F;F;0
0;0;AAL_CC1A2;0;;;80;;Never;;;F;F;0
0;0;AAL_CC1A2;1;;;80;;Never;;;F;F;0
0;0;AAL_CC1A2;2;;;80;;Never;;;F;F;0
0;0;AAL_CC1AA;0;;;80;;Never;;;F;F;0
0;0;AAL_CC1AA;1;;;80;;Never;;;F;F;0
0;0;AAL_CC1AA;2;;;80;;Never;;;F;F;0
0;0;AAL_CC1AB;0;;;80;;Never;;;F;F;0
0;0;AAL_CC1AB;1;;;80;;Never;;;F;F;0
0;0;AAL_CC1AB;2;;;80;;Never;;;F;F;0
0;0;AAL_CC1A3;0;;;80;;Never;;;F;F;0
0;0;AAL_CC1A3;1;;;80;;Never;;;F;F;0
0;0;AAL_CC1A3;2;;;80;;Never;;;F;F;0
0;0;AAL_CC1B;0;;;80;;Never;;;F;F;0
0;0;AAL_CC1B;1;;;80;;Never;;;F;F;0
0;0;AAL_CC1B;2;;;80;;Never;;;F;F;0
0;0;AAL_CCB5;0;;;80;;Never;;;F;F;0
0;0;AAL_CCB5;1;;;80;;Never;;;F;F;0
0;0;AAL_CCB5;2;;;80;;Never;;;F;F;0
0;0;AAL_CCB4;0;;;80;;Never;;;F;F;0
0;0;AAL_CCB4;1;;;80;;Never;;;F;F;0
0;0;AAL_CCB4;2;;;80;;Never;;;F;F;0
0;0;AAL_CC1F;0;;;80;;Never;;;F;F;0
0;0;AAL_CC1F;1;;;80;;Never;;;F;F;0
0;0;AAL_CC1F;2;;;80;;Never;;;F;F;0
0;0;AAL_CCB2;0;;;80;;Never;;;F;F;0
0;0;AAL_CCB2;1;;;80;;Never;;;F;F;0
0;0;AAL_CCB2;2;;;80;;Never;;;F;F;0
0;0;AAL_CCB3;0;;;80;;Never;;;F;F;0
0;0;AAL_CCB3;1;;;80;;Never;;;F;F;0
0;0;AAL_CCB3;2;;;80;;Never;;;F;F;0
0;0;AAL_CC1H;0;;;80;;Never;;;F;F;0
0;0;AAL_CC1H;1;;;80;;Never;;;F;F;0
0;0;AAL_CC1H;2;;;80;;Never;;;F;F;0
0;0;AAL_CC1H1;0;;;80;;Never;;;F;F;0
0;0;AAL_CC1H1;1;;;80;;Never;;;F;F;0
0;0;AAL_CC1H1;2;;;80;;Never;;;F;F;0
0;0;AAL_CC1H2;0;;;80;;Never;;;F;F;0
0;0;AAL_CC1H2;1;;;80;;Never;;;F;F;0
0;0;AAL_CC1H2;2;;;80;;Never;;;F;F;0
0;0;AAL_CC1C;0;;;80;;Never;;;F;F;0
0;0;AAL_CC1C;1;;;80;;Never;;;F;F;0
0;0;AAL_CC1C;2;;;80;;Never;;;F;F;0
0;0;AAL_CC1P1;0;;;80;;Never;;;F;F;0
0;0;AAL_CC1P1;1;;;80;;Never;;;F;F;0
0;0;AAL_CC1P1;2;;;80;;Never;;;F;F;0
0;0;AAL_CC1E;0;;;80;;Never;;;F;F;0
0;0;AAL_CC1E;1;;;80;;Never;;;F;F;0
0;0;AAL_CC1E;2;;;80;;Never;;;F;F;0
0;0;AAL_CC1P11;0;;;80;;Never;;;F;F;0
0;0;AAL_CC1P11;1;;;80;;Never;;;F;F;0
0;0;AAL_CC1P11;2;;;80;;Never;;;F;F;0
0;0;AAL_CC1P111;0;;;80;;Never;;;F;F;0
0;0;AAL_CC1P111;1;;;80;;Never;;;F;F;0
0;0;AAL_CC1P111;2;;;80;;Never;;;F;F;0
0;0;AAL_CC1P112;0;;;80;;Never;;;F;F;0
0;0;AAL_CC1P112;1;;;80;;Never;;;F;F;0
0;0;AAL_CC1P112;2;;;80;;Never;;;F;F;0
0;0;AAL_CC1P113;0;;;80;;Never;;;F;F;0
0;0;AAL_CC1P113;1;;;80;;Never;;;F;F;0
0;0;AAL_CC1P113;2;;;80;;Never;;;F;F;0
0;0;AAL_CC1P12;0;;;80;;Never;;;F;F;0
0;0;AAL_CC1P12;1;;;80;;Never;;;F;F;0
0;0;AAL_CC1P12;2;;;80;;Never;;;F;F;0
0;0;AAL_CC1P121;0;;;80;;Never;;;F;F;0
0;0;AAL_CC1P121;1;;;80;;Never;;;F;F;0
0;0;AAL_CC1P121;2;;;80;;Never;;;F;F;0
0;0;AAL_CC1P122;0;;;80;;Never;;;F;F;0
0;0;AAL_CC1P122;1;;;80;;Never;;;F;F;0
0;0;AAL_CC1P122;2;;;80;;Never;;;F;F;0
0;0;AAL_CC1P123;0;;;80;;Never;;;F;F;0
0;0;AAL_CC1P123;1;;;80;;Never;;;F;F;0
0;0;AAL_CC1P123;2;;;80;;Never;;;F;F;0
0;0;AAL_CC1P124;0;;;80;;Never;;;F;F;0
0;0;AAL_CC1P124;1;;;80;;Never;;;F;F;0
0;0;AAL_CC1P124;2;;;80;;Never;;;F;F;0
0;0;AAL_CC1P125;0;;;80;;Never;;;F;F;0
0;0;AAL_CC1P125;1;;;80;;Never;;;F;F;0
0;0;AAL_CC1P125;2;;;80;;Never;;;F;F;0
0;0;AAL_CC1P126;0;;;80;;Never;;;F;F;0
0;0;AAL_CC1P126;1;;;80;;Never;;;F;F;0
0;0;AAL_CC1P126;2;;;80;;Never;;;F;F;0
0;0;AAL_CC1P127;0;;;80;;Never;;;F;F;0
0;0;AAL_CC1P127;1;;;80;;Never;;;F;F;0
0;0;AAL_CC1P127;2;;;80;;Never;;;F;F;0
0;0;AAL_CC1D;0;;;80;;Never;;;F;F;0
0;0;AAL_CC1D;1;;;80;;Never;;;F;F;0
0;0;AAL_CC1D;2;;;80;;Never;;;F;F;0
0;0;AAL_CC11D;0;;;80;;Never;;;F;F;0
0;0;AAL_CC11D;1;;;80;;Never;;;F;F;0
0;0;AAL_CC11D;2;;;80;;Never;;;F;F;0
0;0;AAL_CC1I;0;;;80;;Never;;;F;F;0
0;0;AAL_CC1I;1;;;80;;Never;;;F;F;0
0;0;AAL_CC1I;2;;;80;;Never;;;F;F;0
0;0;AAL_CC1I1;0;;;80;;Never;;;F;F;0
0;0;AAL_CC1I1;1;;;80;;Never;;;F;F;0
0;0;AAL_CC1I1;2;;;80;;Never;;;F;F;0
0;0;AAL_CC1I11;0;;;80;;Never;;;F;F;0
0;0;AAL_CC1I11;1;;;80;;Never;;;F;F;0
0;0;AAL_CC1I11;2;;;80;;Never;;;F;F;0
0;0;AAL_CC1I12;0;;;80;;Never;;;F;F;0
0;0;AAL_CC1I12;1;;;80;;Never;;;F;F;0
0;0;AAL_CC1I12;2;;;80;;Never;;;F;F;0
0;0;AAL_CC1I13;0;;;80;;Never;;;F;F;0
0;0;AAL_CC1I13;1;;;80;;Never;;;F;F;0
0;0;AAL_CC1I13;2;;;80;;Never;;;F;F;0
0;0;AAL_CC1I14;0;;;80;;Never;;;F;F;0
0;0;AAL_CC1I14;1;;;80;;Never;;;F;F;0
0;0;AAL_CC1I14;2;;;80;;Never;;;F;F;0
0;0;AAL_CC1I15;0;;;80;;Never;;;F;F;0
0;0;AAL_CC1I15;1;;;80;;Never;;;F;F;0
0;0;AAL_CC1I15;2;;;80;;Never;;;F;F;0
0;0;AAL_CC1I2;0;;;80;;Never;;;F;F;0
0;0;AAL_CC1I2;1;;;80;;Never;;;F;F;0
0;0;AAL_CC1I2;2;;;80;;Never;;;F;F;0
0;0;AAL_CC1I21;0;;;80;;Never;;;F;F;0
0;0;AAL_CC1I21;1;;;80;;Never;;;F;F;0
0;0;AAL_CC1I21;2;;;80;;Never;;;F;F;0
0;0;AAL_CC1I22;0;;;80;;Never;;;F;F;0
0;0;AAL_CC1I22;1;;;80;;Never;;;F;F;0
0;0;AAL_CC1I22;2;;;80;;Never;;;F;F;0
0;0;AAL_CC1I23;0;;;80;;Never;;;F;F;0
0;0;AAL_CC1I23;1;;;80;;Never;;;F;F;0
0;0;AAL_CC1I23;2;;;80;;Never;;;F;F;0
0;0;AAL_CC1I24;0;;;80;;Never;;;F;F;0
0;0;AAL_CC1I24;1;;;80;;Never;;;F;F;0
0;0;AAL_CC1I24;2;;;80;;Never;;;F;F;0
0;0;AAL_CC1I25;0;;;80;;Never;;;F;F;0
0;0;AAL_CC1I25;1;;;80;;Never;;;F;F;0
0;0;AAL_CC1I25;2;;;80;;Never;;;F;F;0
0;0;AAL_CC1I26;0;;;80;;Never;;;F;F;0
0;0;AAL_CC1I26;1;;;80;;Never;;;F;F;0
0;0;AAL_CC1I26;2;;;80;;Never;;;F;F;0
0;0;AAL_CC1Z;0;;;80;;Never;;;F;F;0
0;0;AAL_CC1Z;1;;;80;;Never;;;F;F;0
0;0;AAL_CC1Z;2;;;80;;Never;;;F;F;0
0;0;AAL_CC1F5;0;;;80;;Never;;;F;F;0
0;0;AAL_CC1F5;1;;;80;;Never;;;F;F;0
0;0;AAL_CC1F5;2;;;80;;Never;;;F;F;0
0;0;AAL_CC1I3;0;;;80;;Never;;;F;F;0
0;0;AAL_CC1I3;1;;;80;;Never;;;F;F;0
0;0;AAL_CC1I3;2;;;80;;Never;;;F;F;0
0;0;AAL_CC1I31;0;;;80;;Never;;;F;F;0
0;0;AAL_CC1I31;1;;;80;;Never;;;F;F;0
0;0;AAL_CC1I31;2;;;80;;Never;;;F;F;0
0;0;AAL_CC1I32;0;;;80;;Never;;;F;F;0
0;0;AAL_CC1I32;1;;;80;;Never;;;F;F;0
0;0;AAL_CC1I32;2;;;80;;Never;;;F;F;0
0;0;AAL_CC1I33;0;;;80;;Never;;;F;F;0
0;0;AAL_CC1I33;1;;;80;;Never;;;F;F;0
0;0;AAL_CC1I33;2;;;80;;Never;;;F;F;0
0;0;AAL_CC1I34;0;;;80;;Never;;;F;F;0
0;0;AAL_CC1I34;1;;;80;;Never;;;F;F;0
0;0;AAL_CC1I34;2;;;80;;Never;;;F;F;0
0;0;AAL_CC1X;0;;;80;;Never;;;F;F;0
0;0;AAL_CC1X;1;;;80;;Never;;;F;F;0
0;0;AAL_CC1X;2;;;80;;Never;;;F;F;0
0;0;AAL_CC1Q6;0;;;80;;Never;;;F;F;0
0;0;AAL_CC1Q6;1;;;80;;Never;;;F;F;0
0;0;AAL_CC1Q6;2;;;80;;Never;;;F;F;0
0;0;AAL_CC1Y;0;;;80;;Never;;;F;F;0
0;0;AAL_CC1Y;1;;;80;;Never;;;F;F;0
0;0;AAL_CC1Y;2;;;80;;Never;;;F;F;0
0;0;AAL_CC1N7;0;;;80;;Never;;;F;F;0
0;0;AAL_CC1N7;1;;;80;;Never;;;F;F;0
0;0;AAL_CC1N7;2;;;80;;Never;;;F;F;0
0;0;AAL_CC1I4;0;;;80;;Never;;;F;F;0
0;0;AAL_CC1I4;1;;;80;;Never;;;F;F;0
0;0;AAL_CC1I4;2;;;80;;Never;;;F;F;0
0;0;AAL_CC1I41;0;;;80;;Never;;;F;F;0
0;0;AAL_CC1I41;1;;;80;;Never;;;F;F;0
0;0;AAL_CC1I41;2;;;80;;Never;;;F;F;0
0;0;AAL_CC1I42;0;;;80;;Never;;;F;F;0
0;0;AAL_CC1I42;1;;;80;;Never;;;F;F;0
0;0;AAL_CC1I42;2;;;80;;Never;;;F;F;0
0;0;AAL_CC1J;0;;;80;;Never;;;F;F;0
0;0;AAL_CC1J;1;;;80;;Never;;;F;F;0
0;0;AAL_CC1J;2;;;80;;Never;;;F;F;0
0;0;AAL_CC1T;0;;;80;;Never;;;F;F;0
0;0;AAL_CC1T;1;;;80;;Never;;;F;F;0
0;0;AAL_CC1T;2;;;80;;Never;;;F;F;0
0;0;AAL_CC1T1;0;;;80;;Never;;;F;F;0
0;0;AAL_CC1T1;1;;;80;;Never;;;F;F;0
0;0;AAL_CC1T1;2;;;80;;Never;;;F;F;0
0;0;AAL_CC1T2;0;;;80;;Never;;;F;F;0
0;0;AAL_CC1T2;1;;;80;;Never;;;F;F;0
0;0;AAL_CC1T2;2;;;80;;Never;;;F;F;0
0;0;AAL_CC161;0;;;80;;Never;;;F;F;0
0;0;AAL_CC161;1;;;80;;Never;;;F;F;0
0;0;AAL_CC161;2;;;80;;Never;;;F;F;0
0;0;AAL_CC162;0;;;80;;Never;;;F;F;0
0;0;AAL_CC162;1;;;80;;Never;;;F;F;0
0;0;AAL_CC162;2;;;80;;Never;;;F;F;0
0;0;AAL_CC1N1;0;;;80;;Never;;;F;F;0
0;0;AAL_CC1N1;1;;;80;;Never;;;F;F;0
0;0;AAL_CC1N1;2;;;80;;Never;;;F;F;0
0;0;AAL_CC1J4;0;;;80;;Never;;;F;F;0
0;0;AAL_CC1J4;1;;;80;;Never;;;F;F;0
0;0;AAL_CC1J4;2;;;80;;Never;;;F;F;0
0;0;AAL_CC1J1;0;;;80;;Never;;;F;F;0
0;0;AAL_CC1J1;1;;;80;;Never;;;F;F;0
0;0;AAL_CC1J1;2;;;80;;Never;;;F;F;0
0;0;AAL_CC1J11;0;;;80;;Never;;;F;F;0
0;0;AAL_CC1J11;1;;;80;;Never;;;F;F;0
0;0;AAL_CC1J11;2;;;80;;Never;;;F;F;0
0;0;AAL_CC1J12;0;;;80;;Never;;;F;F;0
0;0;AAL_CC1J12;1;;;80;;Never;;;F;F;0
0;0;AAL_CC1J12;2;;;80;;Never;;;F;F;0
0;0;AAL_CC1J2;0;;;80;;Never;;;F;F;0
0;0;AAL_CC1J2;1;;;80;;Never;;;F;F;0
0;0;AAL_CC1J2;2;;;80;;Never;;;F;F;0
0;0;AAL_CC1J21;0;;;80;;Never;;;F;F;0
0;0;AAL_CC1J21;1;;;80;;Never;;;F;F;0
0;0;AAL_CC1J21;2;;;80;;Never;;;F;F;0
0;0;AAL_CC1J22;0;;;80;;Never;;;F;F;0
0;0;AAL_CC1J22;1;;;80;;Never;;;F;F;0
0;0;AAL_CC1J22;2;;;80;;Never;;;F;F;0
0;0;AAL_CC1J3;0;;;80;;Never;;;F;F;0
0;0;AAL_CC1J3;1;;;80;;Never;;;F;F;0
0;0;AAL_CC1J3;2;;;80;;Never;;;F;F;0
0;0;AAL_CC1J31;0;;;80;;Never;;;F;F;0
0;0;AAL_CC1J31;1;;;80;;Never;;;F;F;0
0;0;AAL_CC1J31;2;;;80;;Never;;;F;F;0
0;0;AAL_CC1J32;0;;;80;;Never;;;F;F;0
0;0;AAL_CC1J32;1;;;80;;Never;;;F;F;0
0;0;AAL_CC1J32;2;;;80;;Never;;;F;F;0
0;0;AAL_CC1J33;0;;;80;;Never;;;F;F;0
0;0;AAL_CC1J33;1;;;80;;Never;;;F;F;0
0;0;AAL_CC1J33;2;;;80;;Never;;;F;F;0
0;0;AAL_CC1K;0;;;80;;Never;;;F;F;0
0;0;AAL_CC1K;1;;;80;;Never;;;F;F;0
0;0;AAL_CC1K;2;;;80;;Never;;;F;F;0
0;0;AAL_CC1K1;0;;;80;;Never;;;F;F;0
0;0;AAL_CC1K1;1;;;80;;Never;;;F;F;0
0;0;AAL_CC1K1;2;;;80;;Never;;;F;F;0
0;0;AAL_CC1K11;0;;;80;;Never;;;F;F;0
0;0;AAL_CC1K11;1;;;80;;Never;;;F;F;0
0;0;AAL_CC1K11;2;;;80;;Never;;;F;F;0
0;0;AAL_CC1K12;0;;;80;;Never;;;F;F;0
0;0;AAL_CC1K12;1;;;80;;Never;;;F;F;0
0;0;AAL_CC1K12;2;;;80;;Never;;;F;F;0
0;0;AAL_CC1K13;0;;;80;;Never;;;F;F;0
0;0;AAL_CC1K13;1;;;80;;Never;;;F;F;0
0;0;AAL_CC1K13;2;;;80;;Never;;;F;F;0
0;0;AAL_CC1K14;0;;;80;;Never;;;F;F;0
0;0;AAL_CC1K14;1;;;80;;Never;;;F;F;0
0;0;AAL_CC1K14;2;;;80;;Never;;;F;F;0
0;0;AAL_CC1K2;0;;;80;;Never;;;F;F;0
0;0;AAL_CC1K2;1;;;80;;Never;;;F;F;0
0;0;AAL_CC1K2;2;;;80;;Never;;;F;F;0
0;0;AAL_CC1K21;0;;;80;;Never;;;F;F;0
0;0;AAL_CC1K21;1;;;80;;Never;;;F;F;0
0;0;AAL_CC1K21;2;;;80;;Never;;;F;F;0
0;0;AAL_CC1K22;0;;;80;;Never;;;F;F;0
0;0;AAL_CC1K22;1;;;80;;Never;;;F;F;0
0;0;AAL_CC1K22;2;;;80;;Never;;;F;F;0
0;0;AAL_CC1K23;0;;;80;;Never;;;F;F;0
0;0;AAL_CC1K23;1;;;80;;Never;;;F;F;0
0;0;AAL_CC1K23;2;;;80;;Never;;;F;F;0
0;0;AAL_CC1U;0;;;80;;Never;;;F;F;0
0;0;AAL_CC1U;1;;;80;;Never;;;F;F;0
0;0;AAL_CC1U;2;;;80;;Never;;;F;F;0
0;0;AAL_CC1U1;0;;;80;;Never;;;F;F;0
0;0;AAL_CC1U1;1;;;80;;Never;;;F;F;0
0;0;AAL_CC1U1;2;;;80;;Never;;;F;F;0
0;0;AAL_CC1U2;0;;;80;;Never;;;F;F;0
0;0;AAL_CC1U2;1;;;80;;Never;;;F;F;0
0;0;AAL_CC1U2;2;;;80;;Never;;;F;F;0
0;0;AAL_CC1K3;0;;;80;;Never;;;F;F;0
0;0;AAL_CC1K3;1;;;80;;Never;;;F;F;0
0;0;AAL_CC1K3;2;;;80;;Never;;;F;F;0
0;0;AAL_CC1K31;0;;;80;;Never;;;F;F;0
0;0;AAL_CC1K31;1;;;80;;Never;;;F;F;0
0;0;AAL_CC1K31;2;;;80;;Never;;;F;F;0
0;0;AAL_CC1K32;0;;;80;;Never;;;F;F;0
0;0;AAL_CC1K32;1;;;80;;Never;;;F;F;0
0;0;AAL_CC1K32;2;;;80;;Never;;;F;F;0
0;0;AAL_CC1K33;0;;;80;;Never;;;F;F;0
0;0;AAL_CC1K33;1;;;80;;Never;;;F;F;0
0;0;AAL_CC1K33;2;;;80;;Never;;;F;F;0
0;0;AAL_CC1Q5;0;;;80;;Never;;;F;F;0
0;0;AAL_CC1Q5;1;;;80;;Never;;;F;F;0
0;0;AAL_CC1Q5;2;;;80;;Never;;;F;F;0
0;0;AAL_CC1L;0;;;80;;Never;;;F;F;0
0;0;AAL_CC1L;1;;;80;;Never;;;F;F;0
0;0;AAL_CC1L;2;;;80;;Never;;;F;F;0
0;0;AAL_CC1V;0;;;80;;Never;;;F;F;0
0;0;AAL_CC1V;1;;;80;;Never;;;F;F;0
0;0;AAL_CC1V;2;;;80;;Never;;;F;F;0
0;0;AAL_CC1V1;0;;;80;;Never;;;F;F;0
0;0;AAL_CC1V1;1;;;80;;Never;;;F;F;0
0;0;AAL_CC1V1;2;;;80;;Never;;;F;F;0
0;0;AAL_CC1V2;0;;;80;;Never;;;F;F;0
0;0;AAL_CC1V2;1;;;80;;Never;;;F;F;0
0;0;AAL_CC1V2;2;;;80;;Never;;;F;F;0
0;0;AAL_CC1N4;0;;;80;;Never;;;F;F;0
0;0;AAL_CC1N4;1;;;80;;Never;;;F;F;0
0;0;AAL_CC1N4;2;;;80;;Never;;;F;F;0
0;0;AAL_CC1W;0;;;80;;Never;;;F;F;0
0;0;AAL_CC1W;1;;;80;;Never;;;F;F;0
0;0;AAL_CC1W;2;;;80;;Never;;;F;F;0
0;0;AAL_CC1C7;0;;;80;;Never;;;F;F;0
0;0;AAL_CC1C7;1;;;80;;Never;;;F;F;0
0;0;AAL_CC1C7;2;;;80;;Never;;;F;F;0
0;0;AAL_CC1C4;0;;;80;;Never;;;F;F;0
0;0;AAL_CC1C4;1;;;80;;Never;;;F;F;0
0;0;AAL_CC1C4;2;;;80;;Never;;;F;F;0
0;0;AAL_CC1C5;0;;;80;;Never;;;F;F;0
0;0;AAL_CC1C5;1;;;80;;Never;;;F;F;0
0;0;AAL_CC1C5;2;;;80;;Never;;;F;F;0
0;0;AAL_CC1Q10;0;;;80;;Never;;;F;F;0
0;0;AAL_CC1Q10;1;;;80;;Never;;;F;F;0
0;0;AAL_CC1Q10;2;;;80;;Never;;;F;F;0
0;0;AAL_CC1C6;0;;;80;;Never;;;F;F;0
0;0;AAL_CC1C6;1;;;80;;Never;;;F;F;0
0;0;AAL_CC1C6;2;;;80;;Never;;;F;F;0
0;0;AAL_CC1M;0;;;80;;Never;;;F;F;0
0;0;AAL_CC1M;1;;;80;;Never;;;F;F;0
0;0;AAL_CC1M;2;;;80;;Never;;;F;F;0
0;0;AAL_CC1M1;0;;;80;;Never;;;F;F;0
0;0;AAL_CC1M1;1;;;80;;Never;;;F;F;0
0;0;AAL_CC1M1;2;;;80;;Never;;;F;F;0
0;0;AAL_CC1M11;0;;;80;;Never;;;F;F;0
0;0;AAL_CC1M11;1;;;80;;Never;;;F;F;0
0;0;AAL_CC1M11;2;;;80;;Never;;;F;F;0
0;0;AAL_CC1M111;0;;;80;;Never;;;F;F;0
0;0;AAL_CC1M111;1;;;80;;Never;;;F;F;0
0;0;AAL_CC1M111;2;;;80;;Never;;;F;F;0
0;0;AAL_CC1M112;0;;;80;;Never;;;F;F;0
0;0;AAL_CC1M112;1;;;80;;Never;;;F;F;0
0;0;AAL_CC1M112;2;;;80;;Never;;;F;F;0
0;0;AAL_CC1M113;0;;;80;;Never;;;F;F;0
0;0;AAL_CC1M113;1;;;80;;Never;;;F;F;0
0;0;AAL_CC1M113;2;;;80;;Never;;;F;F;0
0;0;AAL_CC1M114;0;;;80;;Never;;;F;F;0
0;0;AAL_CC1M114;1;;;80;;Never;;;F;F;0
0;0;AAL_CC1M114;2;;;80;;Never;;;F;F;0
0;0;AAL_CC1M115;0;;;80;;Never;;;F;F;0
0;0;AAL_CC1M115;1;;;80;;Never;;;F;F;0
0;0;AAL_CC1M115;2;;;80;;Never;;;F;F;0
0;0;AAL_CC1M116;0;;;80;;Never;;;F;F;0
0;0;AAL_CC1M116;1;;;80;;Never;;;F;F;0
0;0;AAL_CC1M116;2;;;80;;Never;;;F;F;0
0;0;AAL_CC1M117;0;;;80;;Never;;;F;F;0
0;0;AAL_CC1M117;1;;;80;;Never;;;F;F;0
0;0;AAL_CC1M117;2;;;80;;Never;;;F;F;0
0;0;AAL_CC1M118;0;;;80;;Never;;;F;F;0
0;0;AAL_CC1M118;1;;;80;;Never;;;F;F;0
0;0;AAL_CC1M118;2;;;80;;Never;;;F;F;0
0;0;AAL_CC156;0;;;80;;Never;;;F;F;0
0;0;AAL_CC156;1;;;80;;Never;;;F;F;0
0;0;AAL_CC156;2;;;80;;Never;;;F;F;0
0;0;AAL_CC15A;0;;;80;;Never;;;F;F;0
0;0;AAL_CC15A;1;;;80;;Never;;;F;F;0
0;0;AAL_CC15A;2;;;80;;Never;;;F;F;0
0;0;AAL_CC15B;0;;;80;;Never;;;F;F;0
0;0;AAL_CC15B;1;;;80;;Never;;;F;F;0
0;0;AAL_CC15B;2;;;80;;Never;;;F;F;0
0;0;AAL_CC15C;0;;;80;;Never;;;F;F;0
0;0;AAL_CC15C;1;;;80;;Never;;;F;F;0
0;0;AAL_CC15C;2;;;80;;Never;;;F;F;0
0;0;AAL_CC15D;0;;;80;;Never;;;F;F;0
0;0;AAL_CC15D;1;;;80;;Never;;;F;F;0
0;0;AAL_CC15D;2;;;80;;Never;;;F;F;0
0;0;AAL_CC15E;0;;;80;;Never;;;F;F;0
0;0;AAL_CC15E;1;;;80;;Never;;;F;F;0
0;0;AAL_CC15E;2;;;80;;Never;;;F;F;0
0;0;AAL_CC1Q2;0;;;80;;Never;;;F;F;0
0;0;AAL_CC1Q2;1;;;80;;Never;;;F;F;0
0;0;AAL_CC1Q2;2;;;80;;Never;;;F;F;0
0;0;AAL_CC1M2;0;;;80;;Never;;;F;F;0
0;0;AAL_CC1M2;1;;;80;;Never;;;F;F;0
0;0;AAL_CC1M2;2;;;80;;Never;;;F;F;0
0;0;AAL_CC1M21;0;;;80;;Never;;;F;F;0
0;0;AAL_CC1M21;1;;;80;;Never;;;F;F;0
0;0;AAL_CC1M21;2;;;80;;Never;;;F;F;0
0;0;AAL_CC1M22;0;;;80;;Never;;;F;F;0
0;0;AAL_CC1M22;1;;;80;;Never;;;F;F;0
0;0;AAL_CC1M22;2;;;80;;Never;;;F;F;0
0;0;AAL_CC1M23;0;;;80;;Never;;;F;F;0
0;0;AAL_CC1M23;1;;;80;;Never;;;F;F;0
0;0;AAL_CC1M23;2;;;80;;Never;;;F;F;0
0;0;AAL_CC1M24;0;;;80;;Never;;;F;F;0
0;0;AAL_CC1M24;1;;;80;;Never;;;F;F;0
0;0;AAL_CC1M24;2;;;80;;Never;;;F;F;0
0;0;AAL_CC1M3;0;;;80;;Never;;;F;F;0
0;0;AAL_CC1M3;1;;;80;;Never;;;F;F;0
0;0;AAL_CC1M3;2;;;80;;Never;;;F;F;0
0;0;AAL_CC1M31;0;;;80;;Never;;;F;F;0
0;0;AAL_CC1M31;1;;;80;;Never;;;F;F;0
0;0;AAL_CC1M31;2;;;80;;Never;;;F;F;0
0;0;AAL_CC1M32;0;;;80;;Never;;;F;F;0
0;0;AAL_CC1M32;1;;;80;;Never;;;F;F;0
0;0;AAL_CC1M32;2;;;80;;Never;;;F;F;0
0;0;AAL_CC1M33;0;;;80;;Never;;;F;F;0
0;0;AAL_CC1M33;1;;;80;;Never;;;F;F;0
0;0;AAL_CC1M33;2;;;80;;Never;;;F;F;0
0;0;AAL_CC1O;0;;;80;;Never;;;F;F;0
0;0;AAL_CC1O;1;;;80;;Never;;;F;F;0
0;0;AAL_CC1O;2;;;80;;Never;;;F;F;0
0;0;AAL_CC1O1;0;;;80;;Never;;;F;F;0
0;0;AAL_CC1O1;1;;;80;;Never;;;F;F;0
0;0;AAL_CC1O1;2;;;80;;Never;;;F;F;0
0;0;AAL_CC1O2;0;;;80;;Never;;;F;F;0
0;0;AAL_CC1O2;1;;;80;;Never;;;F;F;0
0;0;AAL_CC1O2;2;;;80;;Never;;;F;F;0
0;0;AAL_CC1O3;0;;;80;;Never;;;F;F;0
0;0;AAL_CC1O3;1;;;80;;Never;;;F;F;0
0;0;AAL_CC1O3;2;;;80;;Never;;;F;F;0
0;0;AAL_CC1O4;0;;;80;;Never;;;F;F;0
0;0;AAL_CC1O4;1;;;80;;Never;;;F;F;0
0;0;AAL_CC1O4;2;;;80;;Never;;;F;F;0
0;0;AAL_CC1O5;0;;;80;;Never;;;F;F;0
0;0;AAL_CC1O5;1;;;80;;Never;;;F;F;0
0;0;AAL_CC1O5;2;;;80;;Never;;;F;F;0
0;0;AAL_CC1O6;0;;;80;;Never;;;F;F;0
0;0;AAL_CC1O6;1;;;80;;Never;;;F;F;0
0;0;AAL_CC1O6;2;;;80;;Never;;;F;F;0
0;0;AAL_CC1O7;0;;;80;;Never;;;F;F;0
0;0;AAL_CC1O7;1;;;80;;Never;;;F;F;0
0;0;AAL_CC1O7;2;;;80;;Never;;;F;F;0
0;0;AAL_CC1O8;0;;;80;;Never;;;F;F;0
0;0;AAL_CC1O8;1;;;80;;Never;;;F;F;0
0;0;AAL_CC1O8;2;;;80;;Never;;;F;F;0
0;0;AAL_CC1O9;0;;;80;;Never;;;F;F;0
0;0;AAL_CC1O9;1;;;80;;Never;;;F;F;0
0;0;AAL_CC1O9;2;;;80;;Never;;;F;F;0
0;0;AAL_CCC;0;;;80;;Never;;;F;F;0
0;0;AAL_CCC;1;;;80;;Never;;;F;F;0
0;0;AAL_CCC;2;;;80;;Never;;;F;F;0
0;0;AAL_CC2;0;;;80;;Never;;;F;F;0
0;0;AAL_CC2;1;;;80;;Never;;;F;F;0
0;0;AAL_CC2;2;;;80;;Never;;;F;F;0
0;0;AAL_CC3;0;;;80;;Never;;;F;F;0
0;0;AAL_CC3;1;;;80;;Never;;;F;F;0
0;0;AAL_CC3;2;;;80;;Never;;;F;F;0
0;0;AAL_CV0;0;;;80;;Never;;;F;F;0
0;0;AAL_CV0;1;;;80;;Never;;;F;F;0
0;0;AAL_CV0;2;;;80;;Never;;;F;F;0
0;0;AAL_CV06;0;;;80;;Never;;;F;F;0
0;0;AAL_CV06;1;;;80;;Never;;;F;F;0
0;0;AAL_CV06;2;;;80;;Never;;;F;F;0
0;0;AAL_CV01;0;;;80;;Never;;;F;F;0
0;0;AAL_CV01;1;;;80;;Never;;;F;F;0
0;0;AAL_CV01;2;;;80;;Never;;;F;F;0
0;0;AAL_CV1;0;;;80;;Never;;;F;F;0
0;0;AAL_CV1;1;;;80;;Never;;;F;F;0
0;0;AAL_CV1;2;;;80;;Never;;;F;F;0
0;0;AAL_CV2;0;;;80;;Never;;;F;F;0
0;0;AAL_CV2;1;;;80;;Never;;;F;F;0
0;0;AAL_CV2;2;;;80;;Never;;;F;F;0
0;0;AAL_CV02;0;;;80;;Never;;;F;F;0
0;0;AAL_CV02;1;;;80;;Never;;;F;F;0
0;0;AAL_CV02;2;;;80;;Never;;;F;F;0
0;0;AAL_CV021;0;;;80;;Never;;;F;F;0
0;0;AAL_CV021;1;;;80;;Never;;;F;F;0
0;0;AAL_CV021;2;;;80;;Never;;;F;F;0
0;0;AAL_CV03;0;;;80;;Never;;;F;F;0
0;0;AAL_CV03;1;;;80;;Never;;;F;F;0
0;0;AAL_CV03;2;;;80;;Never;;;F;F;0
0;0;AAL_CV04;0;;;80;;Never;;;F;F;0
0;0;AAL_CV04;1;;;80;;Never;;;F;F;0
0;0;AAL_CV04;2;;;80;;Never;;;F;F;0
0;0;AAL_CV05;0;;;80;;Never;;;F;F;0
0;0;AAL_CV05;1;;;80;;Never;;;F;F;0
0;0;AAL_CV05;2;;;80;;Never;;;F;F;0
0;0;AAL_CVA;0;;;80;;Never;;;F;F;0
0;0;AAL_CVA;1;;;80;;Never;;;F;F;0
0;0;AAL_CVA;2;;;80;;Never;;;F;F;0
0;0;AAL_CV11;0;;;80;;Never;;;F;F;0
0;0;AAL_CV11;1;;;80;;Never;;;F;F;0
0;0;AAL_CV11;2;;;80;;Never;;;F;F;0
0;0;AAL_CV12;0;;;80;;Never;;;F;F;0
0;0;AAL_CV12;1;;;80;;Never;;;F;F;0
0;0;AAL_CV12;2;;;80;;Never;;;F;F;0
0;0;AAL_CV13;0;;;80;;Never;;;F;F;0
0;0;AAL_CV13;1;;;80;;Never;;;F;F;0
0;0;AAL_CV13;2;;;80;;Never;;;F;F;0
0;0;AAL_CV14;0;;;80;;Never;;;F;F;0
0;0;AAL_CV14;1;;;80;;Never;;;F;F;0
0;0;AAL_CV14;2;;;80;;Never;;;F;F;0
0;0;AAL_CV15;0;;;80;;Never;;;F;F;0
0;0;AAL_CV15;1;;;80;;Never;;;F;F;0
0;0;AAL_CV15;2;;;80;;Never;;;F;F;0
0;0;AAL_CV16;0;;;80;;Never;;;F;F;0
0;0;AAL_CV16;1;;;80;;Never;;;F;F;0
0;0;AAL_CV16;2;;;80;;Never;;;F;F;0
0;0;AAL_CVB;0;;;80;;Never;;;F;F;0
0;0;AAL_CVB;1;;;80;;Never;;;F;F;0
0;0;AAL_CVB;2;;;80;;Never;;;F;F;0
0;0;AAL_CV1O;0;;;80;;Never;;;F;F;0
0;0;AAL_CV1O;1;;;80;;Never;;;F;F;0
0;0;AAL_CV1O;2;;;80;;Never;;;F;F;0
0;0;AAL_CV1O1;0;;;80;;Never;;;F;F;0
0;0;AAL_CV1O1;1;;;80;;Never;;;F;F;0
0;0;AAL_CV1O1;2;;;80;;Never;;;F;F;0
0;0;AAL_CV1O2;0;;;80;;Never;;;F;F;0
0;0;AAL_CV1O2;1;;;80;;Never;;;F;F;0
0;0;AAL_CV1O2;2;;;80;;Never;;;F;F;0
0;0;AAL_CV1O3;0;;;80;;Never;;;F;F;0
0;0;AAL_CV1O3;1;;;80;;Never;;;F;F;0
0;0;AAL_CV1O3;2;;;80;;Never;;;F;F;0
0;0;AAL_CV1O4;0;;;80;;Never;;;F;F;0
0;0;AAL_CV1O4;1;;;80;;Never;;;F;F;0
0;0;AAL_CV1O4;2;;;80;;Never;;;F;F;0
0;0;AAL_CV1O5;0;;;80;;Never;;;F;F;0
0;0;AAL_CV1O5;1;;;80;;Never;;;F;F;0
0;0;AAL_CV1O5;2;;;80;;Never;;;F;F;0
0;0;AAL_CV1O6;0;;;80;;Never;;;F;F;0
0;0;AAL_CV1O6;1;;;80;;Never;;;F;F;0
0;0;AAL_CV1O6;2;;;80;;Never;;;F;F;0
0;0;AAL_CV1O7;0;;;80;;Never;;;F;F;0
0;0;AAL_CV1O7;1;;;80;;Never;;;F;F;0
0;0;AAL_CV1O7;2;;;80;;Never;;;F;F;0
0;0;AAL_CV1O9;0;;;80;;Never;;;F;F;0
0;0;AAL_CV1O9;1;;;80;;Never;;;F;F;0
0;0;AAL_CV1O9;2;;;80;;Never;;;F;F;0
0;0;AAL_CV1OA;0;;;80;;Never;;;F;F;0
0;0;AAL_CV1OA;1;;;80;;Never;;;F;F;0
0;0;AAL_CV1OA;2;;;80;;Never;;;F;F;0
0;0;AAL_CG0;0;;;80;;Never;;;F;F;0
0;0;AAL_CG0;1;;;80;;Never;;;F;F;0
0;0;AAL_CG0;2;;;80;;Never;;;F;F;0
0;0;AAL_CG06;0;;;80;;Never;;;F;F;0
0;0;AAL_CG06;1;;;80;;Never;;;F;F;0
0;0;AAL_CG06;2;;;80;;Never;;;F;F;0
0;0;AAL_CG01;0;;;80;;Never;;;F;F;0
0;0;AAL_CG01;1;;;80;;Never;;;F;F;0
0;0;AAL_CG01;2;;;80;;Never;;;F;F;0
0;0;AAL_CG1;0;;;80;;Never;;;F;F;0
0;0;AAL_CG1;1;;;80;;Never;;;F;F;0
0;0;AAL_CG1;2;;;80;;Never;;;F;F;0
0;0;AAL_CG021;0;;;80;;Never;;;F;F;0
0;0;AAL_CG021;1;;;80;;Never;;;F;F;0
0;0;AAL_CG021;2;;;80;;Never;;;F;F;0
0;0;AAL_CG02;0;;;80;;Never;;;F;F;0
0;0;AAL_CG02;1;;;80;;Never;;;F;F;0
0;0;AAL_CG02;2;;;80;;Never;;;F;F;0
0;0;AAL_CG022;0;;;80;;Never;;;F;F;0
0;0;AAL_CG022;1;;;80;;Never;;;F;F;0
0;0;AAL_CG022;2;;;80;;Never;;;F;F;0
0;0;AAL_CG03;0;;;80;;Never;;;F;F;0
0;0;AAL_CG03;1;;;80;;Never;;;F;F;0
0;0;AAL_CG03;2;;;80;;Never;;;F;F;0
0;0;AAL_CG04;0;;;80;;Never;;;F;F;0
0;0;AAL_CG04;1;;;80;;Never;;;F;F;0
0;0;AAL_CG04;2;;;80;;Never;;;F;F;0
0;0;AAL_CG05;0;;;80;;Never;;;F;F;0
0;0;AAL_CG05;1;;;80;;Never;;;F;F;0
0;0;AAL_CG05;2;;;80;;Never;;;F;F;0
0;0;AAL_CGC;0;;;80;;Never;;;F;F;0
0;0;AAL_CGC;1;;;80;;Never;;;F;F;0
0;0;AAL_CGC;2;;;80;;Never;;;F;F;0
0;0;AAL_CGC1;0;;;80;;Never;;;F;F;0
0;0;AAL_CGC1;1;;;80;;Never;;;F;F;0
0;0;AAL_CGC1;2;;;80;;Never;;;F;F;0
0;0;AAL_CGC2;0;;;80;;Never;;;F;F;0
0;0;AAL_CGC2;1;;;80;;Never;;;F;F;0
0;0;AAL_CGC2;2;;;80;;Never;;;F;F;0
0;0;AAL_CGB;0;;;80;;Never;;;F;F;0
0;0;AAL_CGB;1;;;80;;Never;;;F;F;0
0;0;AAL_CGB;2;;;80;;Never;;;F;F;0
0;0;AAL_CGB3;0;;;80;;Never;;;F;F;0
0;0;AAL_CGB3;1;;;80;;Never;;;F;F;0
0;0;AAL_CGB3;2;;;80;;Never;;;F;F;0
0;0;AAL_CGB4;0;;;80;;Never;;;F;F;0
0;0;AAL_CGB4;1;;;80;;Never;;;F;F;0
0;0;AAL_CGB4;2;;;80;;Never;;;F;F;0
0;0;AAL_CGB1;0;;;80;;Never;;;F;F;0
0;0;AAL_CGB1;1;;;80;;Never;;;F;F;0
0;0;AAL_CGB1;2;;;80;;Never;;;F;F;0
0;0;AAL_CGB2;0;;;80;;Never;;;F;F;0
0;0;AAL_CGB2;1;;;80;;Never;;;F;F;0
0;0;AAL_CGB2;2;;;80;;Never;;;F;F;0
0;0;AAL_CG2;0;;;80;;Never;;;F;F;0
0;0;AAL_CG2;1;;;80;;Never;;;F;F;0
0;0;AAL_CG2;2;;;80;;Never;;;F;F;0
0;0;AAL_CG3;0;;;80;;Never;;;F;F;0
0;0;AAL_CG3;1;;;80;;Never;;;F;F;0
0;0;AAL_CG3;2;;;80;;Never;;;F;F;0
0;0;AAL_CF0;0;;;80;;Never;;;F;F;0
0;0;AAL_CF0;1;;;80;;Never;;;F;F;0
0;0;AAL_CF0;2;;;80;;Never;;;F;F;0
0;0;AAL_CF06;0;;;80;;Never;;;F;F;0
0;0;AAL_CF06;1;;;80;;Never;;;F;F;0
0;0;AAL_CF06;2;;;80;;Never;;;F;F;0
0;0;AAL_CF01;0;;;80;;Never;;;F;F;0
0;0;AAL_CF01;1;;;80;;Never;;;F;F;0
0;0;AAL_CF01;2;;;80;;Never;;;F;F;0
0;0;AAL_CF1;0;;;80;;Never;;;F;F;0
0;0;AAL_CF1;1;;;80;;Never;;;F;F;0
0;0;AAL_CF1;2;;;80;;Never;;;F;F;0
0;0;AAL_CF02;0;;;80;;Never;;;F;F;0
0;0;AAL_CF02;1;;;80;;Never;;;F;F;0
0;0;AAL_CF02;2;;;80;;Never;;;F;F;0
0;0;AAL_CF03;0;;;80;;Never;;;F;F;0
0;0;AAL_CF03;1;;;80;;Never;;;F;F;0
0;0;AAL_CF03;2;;;80;;Never;;;F;F;0
0;0;AAL_CF04;0;;;80;;Never;;;F;F;0
0;0;AAL_CF04;1;;;80;;Never;;;F;F;0
0;0;AAL_CF04;2;;;80;;Never;;;F;F;0
0;0;AAL_CF05;0;;;80;;Never;;;F;F;0
0;0;AAL_CF05;1;;;80;;Never;;;F;F;0
0;0;AAL_CF05;2;;;80;;Never;;;F;F;0
0;0;AAL_CF12;0;;;80;;Never;;;F;F;0
0;0;AAL_CF12;1;;;80;;Never;;;F;F;0
0;0;AAL_CF12;2;;;80;;Never;;;F;F;0
0;0;AAL_CF121;0;;;80;;Never;;;F;F;0
0;0;AAL_CF121;1;;;80;;Never;;;F;F;0
0;0;AAL_CF121;2;;;80;;Never;;;F;F;0
0;0;AAL_CF122;0;;;80;;Never;;;F;F;0
0;0;AAL_CF122;1;;;80;;Never;;;F;F;0
0;0;AAL_CF122;2;;;80;;Never;;;F;F;0
0;0;AAL_CF123;0;;;80;;Never;;;F;F;0
0;0;AAL_CF123;1;;;80;;Never;;;F;F;0
0;0;AAL_CF123;2;;;80;;Never;;;F;F;0
0;0;AAL_CF124;0;;;80;;Never;;;F;F;0
0;0;AAL_CF124;1;;;80;;Never;;;F;F;0
0;0;AAL_CF124;2;;;80;;Never;;;F;F;0
0;0;AAL_CF125;0;;;80;;Never;;;F;F;0
0;0;AAL_CF125;1;;;80;;Never;;;F;F;0
0;0;AAL_CF125;2;;;80;;Never;;;F;F;0
0;0;AAL_CF126;0;;;80;;Never;;;F;F;0
0;0;AAL_CF126;1;;;80;;Never;;;F;F;0
0;0;AAL_CF126;2;;;80;;Never;;;F;F;0
0;0;AAL_CF11;0;;;80;;Never;;;F;F;0
0;0;AAL_CF11;1;;;80;;Never;;;F;F;0
0;0;AAL_CF11;2;;;80;;Never;;;F;F;0
0;0;AAL_CF111;0;;;80;;Never;;;F;F;0
0;0;AAL_CF111;1;;;80;;Never;;;F;F;0
0;0;AAL_CF111;2;;;80;;Never;;;F;F;0
0;0;AAL_CF1111;0;;;80;;Never;;;F;F;0
0;0;AAL_CF1111;1;;;80;;Never;;;F;F;0
0;0;AAL_CF1111;2;;;80;;Never;;;F;F;0
0;0;AAL_CF1112;0;;;80;;Never;;;F;F;0
0;0;AAL_CF1112;1;;;80;;Never;;;F;F;0
0;0;AAL_CF1112;2;;;80;;Never;;;F;F;0
0;0;AAL_CF1113;0;;;80;;Never;;;F;F;0
0;0;AAL_CF1113;1;;;80;;Never;;;F;F;0
0;0;AAL_CF1113;2;;;80;;Never;;;F;F;0
0;0;AAL_CEG0;0;;;80;;Never;;;F;F;0
0;0;AAL_CEG0;1;;;80;;Never;;;F;F;0
0;0;AAL_CEG0;2;;;80;;Never;;;F;F;0
0;0;AAL_CEG1;0;;;80;;Never;;;F;F;0
0;0;AAL_CEG1;1;;;80;;Never;;;F;F;0
0;0;AAL_CEG1;2;;;80;;Never;;;F;F;0
0;0;AAL_CEGB;0;;;80;;Never;;;F;F;0
0;0;AAL_CEGB;1;;;80;;Never;;;F;F;0
0;0;AAL_CEGB;2;;;80;;Never;;;F;F;0
0;0;AAL_CEGB1;0;;;80;;Never;;;F;F;0
0;0;AAL_CEGB1;1;;;80;;Never;;;F;F;0
0;0;AAL_CEGB1;2;;;80;;Never;;;F;F;0
0;0;AAL_CEG1A;0;;;80;;Never;;;F;F;0
0;0;AAL_CEG1A;1;;;80;;Never;;;F;F;0
0;0;AAL_CEG1A;2;;;80;;Never;;;F;F;0
0;0;AAL_CEG1A6;0;;;80;;Never;;;F;F;0
0;0;AAL_CEG1A6;1;;;80;;Never;;;F;F;0
0;0;AAL_CEG1A6;2;;;80;;Never;;;F;F;0
0;0;AAL_CEG1A7;0;;;80;;Never;;;F;F;0
0;0;AAL_CEG1A7;1;;;80;;Never;;;F;F;0
0;0;AAL_CEG1A7;2;;;80;;Never;;;F;F;0
0;0;AAL_CEG1A61;0;;;80;;Never;;;F;F;0
0;0;AAL_CEG1A61;1;;;80;;Never;;;F;F;0
0;0;AAL_CEG1A61;2;;;80;;Never;;;F;F;0
0;0;AAL_CEG1A71;0;;;80;;Never;;;F;F;0
0;0;AAL_CEG1A71;1;;;80;;Never;;;F;F;0
0;0;AAL_CEG1A71;2;;;80;;Never;;;F;F;0
0;0;AAL_CEG1C;0;;;80;;Never;;;F;F;0
0;0;AAL_CEG1C;1;;;80;;Never;;;F;F;0
0;0;AAL_CEG1C;2;;;80;;Never;;;F;F;0
0;0;AAL_CEG1C7;0;;;80;;Never;;;F;F;0
0;0;AAL_CEG1C7;1;;;80;;Never;;;F;F;0
0;0;AAL_CEG1C7;2;;;80;;Never;;;F;F;0
0;0;AAL_CEG1C8;0;;;80;;Never;;;F;F;0
0;0;AAL_CEG1C8;1;;;80;;Never;;;F;F;0
0;0;AAL_CEG1C8;2;;;80;;Never;;;F;F;0
0;0;AAL_CEG1C81;0;;;80;;Never;;;F;F;0
0;0;AAL_CEG1C81;1;;;80;;Never;;;F;F;0
0;0;AAL_CEG1C81;2;;;80;;Never;;;F;F;0
0;0;AAL_CEG1B;0;;;80;;Never;;;F;F;0
0;0;AAL_CEG1B;1;;;80;;Never;;;F;F;0
0;0;AAL_CEG1B;2;;;80;;Never;;;F;F;0
0;0;AAL_CEG1B4;0;;;80;;Never;;;F;F;0
0;0;AAL_CEG1B4;1;;;80;;Never;;;F;F;0
0;0;AAL_CEG1B4;2;;;80;;Never;;;F;F;0
0;0;AAL_CEG1B41;0;;;80;;Never;;;F;F;0
0;0;AAL_CEG1B41;1;;;80;;Never;;;F;F;0
0;0;AAL_CEG1B41;2;;;80;;Never;;;F;F;0
0;0;AAL_CAM0;0;;;80;;Never;;;F;F;0
0;0;AAL_CAM0;1;;;80;;Never;;;F;F;0
0;0;AAL_CAM0;2;;;80;;Never;;;F;F;0
0;0;AAL_CAM1;0;;;80;;Never;;;F;F;0
0;0;AAL_CAM1;1;;;80;;Never;;;F;F;0
0;0;AAL_CAM1;2;;;80;;Never;;;F;F;0
0;0;AAL_CAMB;0;;;80;;Never;;;F;F;0
0;0;AAL_CAMB;1;;;80;;Never;;;F;F;0
0;0;AAL_CAMB;2;;;80;;Never;;;F;F;0
0;0;AAL_CAMB1;0;;;80;;Never;;;F;F;0
0;0;AAL_CAMB1;1;;;80;;Never;;;F;F;0
0;0;AAL_CAMB1;2;;;80;;Never;;;F;F;0
0;0;AAL_CAM1A;0;;;80;;Never;;;F;F;0
0;0;AAL_CAM1A;1;;;80;;Never;;;F;F;0
0;0;AAL_CAM1A;2;;;80;;Never;;;F;F;0
0;0;AAL_CAM1A5;0;;;80;;Never;;;F;F;0
0;0;AAL_CAM1A5;1;;;80;;Never;;;F;F;0
0;0;AAL_CAM1A5;2;;;80;;Never;;;F;F;0
0;0;AAL_CAM1A51;0;;;80;;Never;;;F;F;0
0;0;AAL_CAM1A51;1;;;80;;Never;;;F;F;0
0;0;AAL_CAM1A51;2;;;80;;Never;;;F;F;0
0;0;AAL_CAM1A3;0;;;80;;Never;;;F;F;0
0;0;AAL_CAM1A3;1;;;80;;Never;;;F;F;0
0;0;AAL_CAM1A3;2;;;80;;Never;;;F;F;0
0;0;AAL_CAM1A33;0;;;80;;Never;;;F;F;0
0;0;AAL_CAM1A33;1;;;80;;Never;;;F;F;0
0;0;AAL_CAM1A33;2;;;80;;Never;;;F;F;0
0;0;AAL_CAM1A34;0;;;80;;Never;;;F;F;0
0;0;AAL_CAM1A34;1;;;80;;Never;;;F;F;0
0;0;AAL_CAM1A34;2;;;80;;Never;;;F;F;0
0;0;AAL_CAM1A331;0;;;80;;Never;;;F;F;0
0;0;AAL_CAM1A331;1;;;80;;Never;;;F;F;0
0;0;AAL_CAM1A331;2;;;80;;Never;;;F;F;0
0;0;AAL_CAM1A341;0;;;80;;Never;;;F;F;0
0;0;AAL_CAM1A341;1;;;80;;Never;;;F;F;0
0;0;AAL_CAM1A341;2;;;80;;Never;;;F;F;0
0;0;AAL_CAM1C;0;;;80;;Never;;;F;F;0
0;0;AAL_CAM1C;1;;;80;;Never;;;F;F;0
0;0;AAL_CAM1C;2;;;80;;Never;;;F;F;0
0;0;AAL_CAM1B3;0;;;80;;Never;;;F;F;0
0;0;AAL_CAM1B3;1;;;80;;Never;;;F;F;0
0;0;AAL_CAM1B3;2;;;80;;Never;;;F;F;0
0;0;AAL_CAM1B31;0;;;80;;Never;;;F;F;0
0;0;AAL_CAM1B31;1;;;80;;Never;;;F;F;0
0;0;AAL_CAM1B31;2;;;80;;Never;;;F;F;0
0;0;AAL_CAC0;0;;;80;;Never;;;F;F;0
0;0;AAL_CAC0;1;;;80;;Never;;;F;F;0
0;0;AAL_CAC0;2;;;80;;Never;;;F;F;0
0;0;AAL_CAC06;0;;;80;;Never;;;F;F;0
0;0;AAL_CAC06;1;;;80;;Never;;;F;F;0
0;0;AAL_CAC06;2;;;80;;Never;;;F;F;0
0;0;AAL_CAC01;0;;;80;;Never;;;F;F;0
0;0;AAL_CAC01;1;;;80;;Never;;;F;F;0
0;0;AAL_CAC01;2;;;80;;Never;;;F;F;0
0;0;AAL_CAC1;0;;;80;;Never;;;F;F;0
0;0;AAL_CAC1;1;;;80;;Never;;;F;F;0
0;0;AAL_CAC1;2;;;80;;Never;;;F;F;0
0;0;AAL_CAC02;0;;;80;;Never;;;F;F;0
0;0;AAL_CAC02;1;;;80;;Never;;;F;F;0
0;0;AAL_CAC02;2;;;80;;Never;;;F;F;0
0;0;AAL_CAC03;0;;;80;;Never;;;F;F;0
0;0;AAL_CAC03;1;;;80;;Never;;;F;F;0
0;0;AAL_CAC03;2;;;80;;Never;;;F;F;0
0;0;AAL_CAC04;0;;;80;;Never;;;F;F;0
0;0;AAL_CAC04;1;;;80;;Never;;;F;F;0
0;0;AAL_CAC04;2;;;80;;Never;;;F;F;0
0;0;AAL_CAC05;0;;;80;;Never;;;F;F;0
0;0;AAL_CAC05;1;;;80;;Never;;;F;F;0
0;0;AAL_CAC05;2;;;80;;Never;;;F;F;0
0;0;AAL_CACB;0;;;80;;Never;;;F;F;0
0;0;AAL_CACB;1;;;80;;Never;;;F;F;0
0;0;AAL_CACB;2;;;80;;Never;;;F;F;0
0;0;AAL_CAC1G;0;;;80;;Never;;;F;F;0
0;0;AAL_CAC1G;1;;;80;;Never;;;F;F;0
0;0;AAL_CAC1G;2;;;80;;Never;;;F;F;0
0;0;AAL_CAC1GA;0;;;80;;Never;;;F;F;0
0;0;AAL_CAC1GA;1;;;80;;Never;;;F;F;0
0;0;AAL_CAC1GA;2;;;80;;Never;;;F;F;0
0;0;AAL_CAC1GB;0;;;80;;Never;;;F;F;0
0;0;AAL_CAC1GB;1;;;80;;Never;;;F;F;0
0;0;AAL_CAC1GB;2;;;80;;Never;;;F;F;0
0;0;AAL_CAC1GC;0;;;80;;Never;;;F;F;0
0;0;AAL_CAC1GC;1;;;80;;Never;;;F;F;0
0;0;AAL_CAC1GC;2;;;80;;Never;;;F;F;0
0;0;AAL_CAC1FA1;0;;;80;;Never;;;F;F;0
0;0;AAL_CAC1FA1;1;;;80;;Never;;;F;F;0
0;0;AAL_CAC1FA1;2;;;80;;Never;;;F;F;0
0;0;AAL_CAC1FB1;0;;;80;;Never;;;F;F;0
0;0;AAL_CAC1FB1;1;;;80;;Never;;;F;F;0
0;0;AAL_CAC1FB1;2;;;80;;Never;;;F;F;0
0;0;AAL_CAC1FC1;0;;;80;;Never;;;F;F;0
0;0;AAL_CAC1FC1;1;;;80;;Never;;;F;F;0
0;0;AAL_CAC1FC1;2;;;80;;Never;;;F;F;0
0;0;AAL_CAC1F;0;;;80;;Never;;;F;F;0
0;0;AAL_CAC1F;1;;;80;;Never;;;F;F;0
0;0;AAL_CAC1F;2;;;80;;Never;;;F;F;0
0;0;AAL_CAC1F3;0;;;80;;Never;;;F;F;0
0;0;AAL_CAC1F3;1;;;80;;Never;;;F;F;0
0;0;AAL_CAC1F3;2;;;80;;Never;;;F;F;0
0;0;AAL_CAC1F6;0;;;80;;Never;;;F;F;0
0;0;AAL_CAC1F6;1;;;80;;Never;;;F;F;0
0;0;AAL_CAC1F6;2;;;80;;Never;;;F;F;0
0;0;AAL_CAC1F31;0;;;80;;Never;;;F;F;0
0;0;AAL_CAC1F31;1;;;80;;Never;;;F;F;0
0;0;AAL_CAC1F31;2;;;80;;Never;;;F;F;0
0;0;AAL_CAC1F61;0;;;80;;Never;;;F;F;0
0;0;AAL_CAC1F61;1;;;80;;Never;;;F;F;0
0;0;AAL_CAC1F61;2;;;80;;Never;;;F;F;0
0;0;AAL_CE0;0;;;80;;Never;;;F;F;0
0;0;AAL_CE0;1;;;80;;Never;;;F;F;0
0;0;AAL_CE0;2;;;80;;Never;;;F;F;0
0;0;AAL_CE06;0;;;80;;Never;;;F;F;0
0;0;AAL_CE06;1;;;80;;Never;;;F;F;0
0;0;AAL_CE06;2;;;80;;Never;;;F;F;0
0;0;AAL_CE01;0;;;80;;Never;;;F;F;0
0;0;AAL_CE01;1;;;80;;Never;;;F;F;0
0;0;AAL_CE01;2;;;80;;Never;;;F;F;0
0;0;AAL_CE1;0;;;80;;Never;;;F;F;0
0;0;AAL_CE1;1;;;80;;Never;;;F;F;0
0;0;AAL_CE1;2;;;80;;Never;;;F;F;0
0;0;AAL_CE02;0;;;80;;Never;;;F;F;0
0;0;AAL_CE02;1;;;80;;Never;;;F;F;0
0;0;AAL_CE02;2;;;80;;Never;;;F;F;0
0;0;AAL_CE03;0;;;80;;Never;;;F;F;0
0;0;AAL_CE03;1;;;80;;Never;;;F;F;0
0;0;AAL_CE03;2;;;80;;Never;;;F;F;0
0;0;AAL_CE04;0;;;80;;Never;;;F;F;0
0;0;AAL_CE04;1;;;80;;Never;;;F;F;0
0;0;AAL_CE04;2;;;80;;Never;;;F;F;0
0;0;AAL_CE05;0;;;80;;Never;;;F;F;0
0;0;AAL_CE05;1;;;80;;Never;;;F;F;0
0;0;AAL_CE05;2;;;80;;Never;;;F;F;0
0;0;AAL_CEA;0;;;80;;Never;;;F;F;0
0;0;AAL_CEA;1;;;80;;Never;;;F;F;0
0;0;AAL_CEA;2;;;80;;Never;;;F;F;0
0;0;AAL_CEA11;0;;;80;;Never;;;F;F;0
0;0;AAL_CEA11;1;;;80;;Never;;;F;F;0
0;0;AAL_CEA11;2;;;80;;Never;;;F;F;0
0;0;AAL_CEA12;0;;;80;;Never;;;F;F;0
0;0;AAL_CEA12;1;;;80;;Never;;;F;F;0
0;0;AAL_CEA12;2;;;80;;Never;;;F;F;0
0;0;AAL_CEA2;0;;;80;;Never;;;F;F;0
0;0;AAL_CEA2;1;;;80;;Never;;;F;F;0
0;0;AAL_CEA2;2;;;80;;Never;;;F;F;0
0;0;AAL_CEA3;0;;;80;;Never;;;F;F;0
0;0;AAL_CEA3;1;;;80;;Never;;;F;F;0
0;0;AAL_CEA3;2;;;80;;Never;;;F;F;0
0;0;AAL_CEA4;0;;;80;;Never;;;F;F;0
0;0;AAL_CEA4;1;;;80;;Never;;;F;F;0
0;0;AAL_CEA4;2;;;80;;Never;;;F;F;0
0;0;AAL_CEA5;0;;;80;;Never;;;F;F;0
0;0;AAL_CEA5;1;;;80;;Never;;;F;F;0
0;0;AAL_CEA5;2;;;80;;Never;;;F;F;0
0;0;AAL_CEA8;0;;;80;;Never;;;F;F;0
0;0;AAL_CEA8;1;;;80;;Never;;;F;F;0
0;0;AAL_CEA8;2;;;80;;Never;;;F;F;0
0;0;AAL_CEB;0;;;80;;Never;;;F;F;0
0;0;AAL_CEB;1;;;80;;Never;;;F;F;0
0;0;AAL_CEB;2;;;80;;Never;;;F;F;0
0;0;AAL_CEA9;0;;;80;;Never;;;F;F;0
0;0;AAL_CEA9;1;;;80;;Never;;;F;F;0
0;0;AAL_CEA9;2;;;80;;Never;;;F;F;0
0;0;AAL_CED;0;;;80;;Never;;;F;F;0
0;0;AAL_CED;1;;;80;;Never;;;F;F;0
0;0;AAL_CED;2;;;80;;Never;;;F;F;0
0;0;AAL_CED1;0;;;80;;Never;;;F;F;0
0;0;AAL_CED1;1;;;80;;Never;;;F;F;0
0;0;AAL_CED1;2;;;80;;Never;;;F;F;0
0;0;AAL_CED2;0;;;80;;Never;;;F;F;0
0;0;AAL_CED2;1;;;80;;Never;;;F;F;0
0;0;AAL_CED2;2;;;80;;Never;;;F;F;0
0;0;AAL_CEC;0;;;80;;Never;;;F;F;0
0;0;AAL_CEC;1;;;80;;Never;;;F;F;0
0;0;AAL_CEC;2;;;80;;Never;;;F;F;0
0;0;AAL_CEC1;0;;;80;;Never;;;F;F;0
0;0;AAL_CEC1;1;;;80;;Never;;;F;F;0
0;0;AAL_CEC1;2;;;80;;Never;;;F;F;0
0;0;AAL_CEC2;0;;;80;;Never;;;F;F;0
0;0;AAL_CEC2;1;;;80;;Never;;;F;F;0
0;0;AAL_CEC2;2;;;80;;Never;;;F;F;0
0;0;AAL_CEC3;0;;;80;;Never;;;F;F;0
0;0;AAL_CEC3;1;;;80;;Never;;;F;F;0
0;0;AAL_CEC3;2;;;80;;Never;;;F;F;0
0;0;AAL_CE2;0;;;80;;Never;;;F;F;0
0;0;AAL_CE2;1;;;80;;Never;;;F;F;0
0;0;AAL_CE2;2;;;80;;Never;;;F;F;0
0;0;AAL_CE3;0;;;80;;Never;;;F;F;0
0;0;AAL_CE3;1;;;80;;Never;;;F;F;0
0;0;AAL_CE3;2;;;80;;Never;;;F;F;0
0;0;AAL_CE4;0;;;80;;Never;;;F;F;0
0;0;AAL_CE4;1;;;80;;Never;;;F;F;0
0;0;AAL_CE4;2;;;80;;Never;;;F;F;0
0;0;AAL_CE5;0;;;80;;Never;;;F;F;0
0;0;AAL_CE5;1;;;80;;Never;;;F;F;0
0;0;AAL_CE5;2;;;80;;Never;;;F;F;0
0;0;AAL_CE6;0;;;80;;Never;;;F;F;0
0;0;AAL_CE6;1;;;80;;Never;;;F;F;0
0;0;AAL_CE6;2;;;80;;Never;;;F;F;0
0;0;AAL_CEB5;0;;;80;;Never;;;F;F;0
0;0;AAL_CEB5;1;;;80;;Never;;;F;F;0
0;0;AAL_CEB5;2;;;80;;Never;;;F;F;0
0;0;AAL_CEBE;0;;;80;;Never;;;F;F;0
0;0;AAL_CEBE;1;;;80;;Never;;;F;F;0
0;0;AAL_CEBE;2;;;80;;Never;;;F;F;0
0;0;AAL_CEBF;0;;;80;;Never;;;F;F;0
0;0;AAL_CEBF;1;;;80;;Never;;;F;F;0
0;0;AAL_CEBF;2;;;80;;Never;;;F;F;0
0;0;AAL_CEBG;0;;;80;;Never;;;F;F;0
0;0;AAL_CEBG;1;;;80;;Never;;;F;F;0
0;0;AAL_CEBG;2;;;80;;Never;;;F;F;0
0;0;AAL_CEBK;0;;;80;;Never;;;F;F;0
0;0;AAL_CEBK;1;;;80;;Never;;;F;F;0
0;0;AAL_CEBK;2;;;80;;Never;;;F;F;0
0;0;AAL_CEBH;0;;;80;;Never;;;F;F;0
0;0;AAL_CEBH;1;;;80;;Never;;;F;F;0
0;0;AAL_CEBH;2;;;80;;Never;;;F;F;0
0;0;AAL_CEBL;0;;;80;;Never;;;F;F;0
0;0;AAL_CEBL;1;;;80;;Never;;;F;F;0
0;0;AAL_CEBL;2;;;80;;Never;;;F;F;0
0;0;AAL_CEBM;0;;;80;;Never;;;F;F;0
0;0;AAL_CEBM;1;;;80;;Never;;;F;F;0
0;0;AAL_CEBM;2;;;80;;Never;;;F;F;0
0;0;AAL_CEBI;0;;;80;;Never;;;F;F;0
0;0;AAL_CEBI;1;;;80;;Never;;;F;F;0
0;0;AAL_CEBI;2;;;80;;Never;;;F;F;0
0;0;AAL_CEBJ;0;;;80;;Never;;;F;F;0
0;0;AAL_CEBJ;1;;;80;;Never;;;F;F;0
0;0;AAL_CEBJ;2;;;80;;Never;;;F;F;0
0;0;AAL_CEB6;0;;;80;;Never;;;F;F;0
0;0;AAL_CEB6;1;;;80;;Never;;;F;F;0
0;0;AAL_CEB6;2;;;80;;Never;;;F;F;0
0;0;AAL_CEB0;0;;;80;;Never;;;F;F;0
0;0;AAL_CEB0;1;;;80;;Never;;;F;F;0
0;0;AAL_CEB0;2;;;80;;Never;;;F;F;0
0;0;AAL_CEB10;0;;;80;;Never;;;F;F;0
0;0;AAL_CEB10;1;;;80;;Never;;;F;F;0
0;0;AAL_CEB10;2;;;80;;Never;;;F;F;0
0;0;AAL_CEB1;0;;;80;;Never;;;F;F;0
0;0;AAL_CEB1;1;;;80;;Never;;;F;F;0
0;0;AAL_CEB1;2;;;80;;Never;;;F;F;0
0;0;AAL_CEBAA;0;;;80;;Never;;;F;F;0
0;0;AAL_CEBAA;1;;;80;;Never;;;F;F;0
0;0;AAL_CEBAA;2;;;80;;Never;;;F;F;0
0;0;AAL_CEBA;0;;;80;;Never;;;F;F;0
0;0;AAL_CEBA;1;;;80;;Never;;;F;F;0
0;0;AAL_CEBA;2;;;80;;Never;;;F;F;0
0;0;AAL_CEB11;0;;;80;;Never;;;F;F;0
0;0;AAL_CEB11;1;;;80;;Never;;;F;F;0
0;0;AAL_CEB11;2;;;80;;Never;;;F;F;0
0;0;AAL_CEB16;0;;;80;;Never;;;F;F;0
0;0;AAL_CEB16;1;;;80;;Never;;;F;F;0
0;0;AAL_CEB16;2;;;80;;Never;;;F;F;0
0;0;AAL_CEB12;0;;;80;;Never;;;F;F;0
0;0;AAL_CEB12;1;;;80;;Never;;;F;F;0
0;0;AAL_CEB12;2;;;80;;Never;;;F;F;0
0;0;AAL_CEB121;0;;;80;;Never;;;F;F;0
0;0;AAL_CEB121;1;;;80;;Never;;;F;F;0
0;0;AAL_CEB121;2;;;80;;Never;;;F;F;0
0;0;AAL_CEB125;0;;;80;;Never;;;F;F;0
0;0;AAL_CEB125;1;;;80;;Never;;;F;F;0
0;0;AAL_CEB125;2;;;80;;Never;;;F;F;0
0;0;AAL_CEB124;0;;;80;;Never;;;F;F;0
0;0;AAL_CEB124;1;;;80;;Never;;;F;F;0
0;0;AAL_CEB124;2;;;80;;Never;;;F;F;0
0;0;AAL_CEB123;0;;;80;;Never;;;F;F;0
0;0;AAL_CEB123;1;;;80;;Never;;;F;F;0
0;0;AAL_CEB123;2;;;80;;Never;;;F;F;0
0;0;AAL_CEB142;0;;;80;;Never;;;F;F;0
0;0;AAL_CEB142;1;;;80;;Never;;;F;F;0
0;0;AAL_CEB142;2;;;80;;Never;;;F;F;0
0;0;AAL_CEB13;0;;;80;;Never;;;F;F;0
0;0;AAL_CEB13;1;;;80;;Never;;;F;F;0
0;0;AAL_CEB13;2;;;80;;Never;;;F;F;0
0;0;AAL_CEB131;0;;;80;;Never;;;F;F;0
0;0;AAL_CEB131;1;;;80;;Never;;;F;F;0
0;0;AAL_CEB131;2;;;80;;Never;;;F;F;0
0;0;AAL_CEBA1;0;;;80;;Never;;;F;F;0
0;0;AAL_CEBA1;1;;;80;;Never;;;F;F;0
0;0;AAL_CEBA1;2;;;80;;Never;;;F;F;0
0;0;AAL_CEB14;0;;;80;;Never;;;F;F;0
0;0;AAL_CEB14;1;;;80;;Never;;;F;F;0
0;0;AAL_CEB14;2;;;80;;Never;;;F;F;0
0;0;AAL_CEB127;0;;;80;;Never;;;F;F;0
0;0;AAL_CEB127;1;;;80;;Never;;;F;F;0
0;0;AAL_CEB127;2;;;80;;Never;;;F;F;0
0;0;AAL_CEB15;0;;;80;;Never;;;F;F;0
0;0;AAL_CEB15;1;;;80;;Never;;;F;F;0
0;0;AAL_CEB15;2;;;80;;Never;;;F;F;0
0;0;AAL_CEB2A;0;;;80;;Never;;;F;F;0
0;0;AAL_CEB2A;1;;;80;;Never;;;F;F;0
0;0;AAL_CEB2A;2;;;80;;Never;;;F;F;0
0;0;AAL_CEB2A1;0;;;80;;Never;;;F;F;0
0;0;AAL_CEB2A1;1;;;80;;Never;;;F;F;0
0;0;AAL_CEB2A1;2;;;80;;Never;;;F;F;0
0;0;AAL_CEB144;0;;;80;;Never;;;F;F;0
0;0;AAL_CEB144;1;;;80;;Never;;;F;F;0
0;0;AAL_CEB144;2;;;80;;Never;;;F;F;0
0;0;AAL_CEBAA1;0;;;80;;Never;;;F;F;0
0;0;AAL_CEBAA1;1;;;80;;Never;;;F;F;0
0;0;AAL_CEBAA1;2;;;80;;Never;;;F;F;0
0;0;AAL_CEBAA11;0;;;80;;Never;;;F;F;0
0;0;AAL_CEBAA11;1;;;80;;Never;;;F;F;0
0;0;AAL_CEBAA11;2;;;80;;Never;;;F;F;0
0;0;AAL_CEB126;0;;;80;;Never;;;F;F;0
0;0;AAL_CEB126;1;;;80;;Never;;;F;F;0
0;0;AAL_CEB126;2;;;80;;Never;;;F;F;0
0;0;AAL_CEB145;0;;;80;;Never;;;F;F;0
0;0;AAL_CEB145;1;;;80;;Never;;;F;F;0
0;0;AAL_CEB145;2;;;80;;Never;;;F;F;0
0;0;AAL_CEB12A;0;;;80;;Never;;;F;F;0
0;0;AAL_CEB12A;1;;;80;;Never;;;F;F;0
0;0;AAL_CEB12A;2;;;80;;Never;;;F;F;0
0;0;AAL_CEB141;0;;;80;;Never;;;F;F;0
0;0;AAL_CEB141;1;;;80;;Never;;;F;F;0
0;0;AAL_CEB141;2;;;80;;Never;;;F;F;0
0;0;AAL_CEBB;0;;;80;;Never;;;F;F;0
0;0;AAL_CEBB;1;;;80;;Never;;;F;F;0
0;0;AAL_CEBB;2;;;80;;Never;;;F;F;0
0;0;AAL_CEB1D;0;;;80;;Never;;;F;F;0
0;0;AAL_CEB1D;1;;;80;;Never;;;F;F;0
0;0;AAL_CEB1D;2;;;80;;Never;;;F;F;0
0;0;AAL_CEB1D1;0;;;80;;Never;;;F;F;0
0;0;AAL_CEB1D1;1;;;80;;Never;;;F;F;0
0;0;AAL_CEB1D1;2;;;80;;Never;;;F;F;0
0;0;AAL_CEB1D2;0;;;80;;Never;;;F;F;0
0;0;AAL_CEB1D2;1;;;80;;Never;;;F;F;0
0;0;AAL_CEB1D2;2;;;80;;Never;;;F;F;0
0;0;AAL_CEB3;0;;;80;;Never;;;F;F;0
0;0;AAL_CEB3;1;;;80;;Never;;;F;F;0
0;0;AAL_CEB3;2;;;80;;Never;;;F;F;0
0;0;AAL_CEB21;0;;;80;;Never;;;F;F;0
0;0;AAL_CEB21;1;;;80;;Never;;;F;F;0
0;0;AAL_CEB21;2;;;80;;Never;;;F;F;0
0;0;AAL_CEB143;0;;;80;;Never;;;F;F;0
0;0;AAL_CEB143;1;;;80;;Never;;;F;F;0
0;0;AAL_CEB143;2;;;80;;Never;;;F;F;0
0;0;AAL_CEB211;0;;;80;;Never;;;F;F;0
0;0;AAL_CEB211;1;;;80;;Never;;;F;F;0
0;0;AAL_CEB211;2;;;80;;Never;;;F;F;0
0;0;AAL_CEB22;0;;;80;;Never;;;F;F;0
0;0;AAL_CEB22;1;;;80;;Never;;;F;F;0
0;0;AAL_CEB22;2;;;80;;Never;;;F;F;0
0;0;AAL_CEB23;0;;;80;;Never;;;F;F;0
0;0;AAL_CEB23;1;;;80;;Never;;;F;F;0
0;0;AAL_CEB23;2;;;80;;Never;;;F;F;0
0;0;AAL_CEB24;0;;;80;;Never;;;F;F;0
0;0;AAL_CEB24;1;;;80;;Never;;;F;F;0
0;0;AAL_CEB24;2;;;80;;Never;;;F;F;0
0;0;AAL_CEB1A;0;;;80;;Never;;;F;F;0
0;0;AAL_CEB1A;1;;;80;;Never;;;F;F;0
0;0;AAL_CEB1A;2;;;80;;Never;;;F;F;0
0;0;AAL_CEB32;0;;;80;;Never;;;F;F;0
0;0;AAL_CEB32;1;;;80;;Never;;;F;F;0
0;0;AAL_CEB32;2;;;80;;Never;;;F;F;0
0;0;AAL_CEB31;0;;;80;;Never;;;F;F;0
0;0;AAL_CEB31;1;;;80;;Never;;;F;F;0
0;0;AAL_CEB31;2;;;80;;Never;;;F;F;0
0;0;AAL_CEB2;0;;;80;;Never;;;F;F;0
0;0;AAL_CEB2;1;;;80;;Never;;;F;F;0
0;0;AAL_CEB2;2;;;80;;Never;;;F;F;0
0;0;AAL_CEBC;0;;;80;;Never;;;F;F;0
0;0;AAL_CEBC;1;;;80;;Never;;;F;F;0
0;0;AAL_CEBC;2;;;80;;Never;;;F;F;0
0;0;AAL_CEBD;0;;;80;;Never;;;F;F;0
0;0;AAL_CEBD;1;;;80;;Never;;;F;F;0
0;0;AAL_CEBD;2;;;80;;Never;;;F;F;0
0;0;AAL_CEB25;0;;;80;;Never;;;F;F;0
0;0;AAL_CEB25;1;;;80;;Never;;;F;F;0
0;0;AAL_CEB25;2;;;80;;Never;;;F;F;0
0;0;AAL_CEB251;0;;;80;;Never;;;F;F;0
0;0;AAL_CEB251;1;;;80;;Never;;;F;F;0
0;0;AAL_CEB251;2;;;80;;Never;;;F;F;0
0;0;AAL_CEB25H;0;;;80;;Never;;;F;F;0
0;0;AAL_CEB25H;1;;;80;;Never;;;F;F;0
0;0;AAL_CEB25H;2;;;80;;Never;;;F;F;0
0;0;AAL_CEB25I;0;;;80;;Never;;;F;F;0
0;0;AAL_CEB25I;1;;;80;;Never;;;F;F;0
0;0;AAL_CEB25I;2;;;80;;Never;;;F;F;0
0;0;AAL_CEB25J;0;;;80;;Never;;;F;F;0
0;0;AAL_CEB25J;1;;;80;;Never;;;F;F;0
0;0;AAL_CEB25J;2;;;80;;Never;;;F;F;0
0;0;AAL_CEB25K;0;;;80;;Never;;;F;F;0
0;0;AAL_CEB25K;1;;;80;;Never;;;F;F;0
0;0;AAL_CEB25K;2;;;80;;Never;;;F;F;0
0;0;AAL_CEB25L;0;;;80;;Never;;;F;F;0
0;0;AAL_CEB25L;1;;;80;;Never;;;F;F;0
0;0;AAL_CEB25L;2;;;80;;Never;;;F;F;0
0;0;AAL_CEB25M;0;;;80;;Never;;;F;F;0
0;0;AAL_CEB25M;1;;;80;;Never;;;F;F;0
0;0;AAL_CEB25M;2;;;80;;Never;;;F;F;0
0;0;AAL_CEB252;0;;;80;;Never;;;F;F;0
0;0;AAL_CEB252;1;;;80;;Never;;;F;F;0
0;0;AAL_CEB252;2;;;80;;Never;;;F;F;0
0;0;AAL_CEB253;0;;;80;;Never;;;F;F;0
0;0;AAL_CEB253;1;;;80;;Never;;;F;F;0
0;0;AAL_CEB253;2;;;80;;Never;;;F;F;0
0;0;AAL_CEB25A;0;;;80;;Never;;;F;F;0
0;0;AAL_CEB25A;1;;;80;;Never;;;F;F;0
0;0;AAL_CEB25A;2;;;80;;Never;;;F;F;0
0;0;AAL_CEB25B;0;;;80;;Never;;;F;F;0
0;0;AAL_CEB25B;1;;;80;;Never;;;F;F;0
0;0;AAL_CEB25B;2;;;80;;Never;;;F;F;0
0;0;AAL_CEB25C;0;;;80;;Never;;;F;F;0
0;0;AAL_CEB25C;1;;;80;;Never;;;F;F;0
0;0;AAL_CEB25C;2;;;80;;Never;;;F;F;0
0;0;AAL_CEB25D;0;;;80;;Never;;;F;F;0
0;0;AAL_CEB25D;1;;;80;;Never;;;F;F;0
0;0;AAL_CEB25D;2;;;80;;Never;;;F;F;0
0;0;AAL_CEB25E;0;;;80;;Never;;;F;F;0
0;0;AAL_CEB25E;1;;;80;;Never;;;F;F;0
0;0;AAL_CEB25E;2;;;80;;Never;;;F;F;0
0;0;AAL_CEB25F;0;;;80;;Never;;;F;F;0
0;0;AAL_CEB25F;1;;;80;;Never;;;F;F;0
0;0;AAL_CEB25F;2;;;80;;Never;;;F;F;0
0;0;AAL_CEB25G;0;;;80;;Never;;;F;F;0
0;0;AAL_CEB25G;1;;;80;;Never;;;F;F;0
0;0;AAL_CEB25G;2;;;80;;Never;;;F;F;0
0;0;AAL_CEB254;0;;;80;;Never;;;F;F;0
0;0;AAL_CEB254;1;;;80;;Never;;;F;F;0
0;0;AAL_CEB254;2;;;80;;Never;;;F;F;0
0;0;AAL_CEB255;0;;;80;;Never;;;F;F;0
0;0;AAL_CEB255;1;;;80;;Never;;;F;F;0
0;0;AAL_CEB255;2;;;80;;Never;;;F;F;0
0;0;AAL_CEB256;0;;;80;;Never;;;F;F;0
0;0;AAL_CEB256;1;;;80;;Never;;;F;F;0
0;0;AAL_CEB256;2;;;80;;Never;;;F;F;0
0;0;AAL_CEB26;0;;;80;;Never;;;F;F;0
0;0;AAL_CEB26;1;;;80;;Never;;;F;F;0
0;0;AAL_CEB26;2;;;80;;Never;;;F;F;0
0;0;AAL_CEB4;0;;;80;;Never;;;F;F;0
0;0;AAL_CEB4;1;;;80;;Never;;;F;F;0
0;0;AAL_CEB4;2;;;80;;Never;;;F;F;0
0;0;AAL_CEF1C;0;;;80;;Never;;;F;F;0
0;0;AAL_CEF1C;1;;;80;;Never;;;F;F;0
0;0;AAL_CEF1C;2;;;80;;Never;;;F;F;0
0;0;AAL_CEF1C1;0;;;80;;Never;;;F;F;0
0;0;AAL_CEF1C1;1;;;80;;Never;;;F;F;0
0;0;AAL_CEF1C1;2;;;80;;Never;;;F;F;0
0;0;AAL_CEF1C2;0;;;80;;Never;;;F;F;0
0;0;AAL_CEF1C2;1;;;80;;Never;;;F;F;0
0;0;AAL_CEF1C2;2;;;80;;Never;;;F;F;0
0;0;AAL_CEF1C3;0;;;80;;Never;;;F;F;0
0;0;AAL_CEF1C3;1;;;80;;Never;;;F;F;0
0;0;AAL_CEF1C3;2;;;80;;Never;;;F;F;0
0;0;AAL_CEF1A;0;;;80;;Never;;;F;F;0
0;0;AAL_CEF1A;1;;;80;;Never;;;F;F;0
0;0;AAL_CEF1A;2;;;80;;Never;;;F;F;0
0;0;AAL_CEF1B;0;;;80;;Never;;;F;F;0
0;0;AAL_CEF1B;1;;;80;;Never;;;F;F;0
0;0;AAL_CEF1B;2;;;80;;Never;;;F;F;0
0;0;AAL_CEF1C4;0;;;80;;Never;;;F;F;0
0;0;AAL_CEF1C4;1;;;80;;Never;;;F;F;0
0;0;AAL_CEF1C4;2;;;80;;Never;;;F;F;0
0;0;AAL_CEF13;0;;;80;;Never;;;F;F;0
0;0;AAL_CEF13;1;;;80;;Never;;;F;F;0
0;0;AAL_CEF13;2;;;80;;Never;;;F;F;0
0;0;AAL_CEF16;0;;;80;;Never;;;F;F;0
0;0;AAL_CEF16;1;;;80;;Never;;;F;F;0
0;0;AAL_CEF16;2;;;80;;Never;;;F;F;0
0;0;AAL_CEF17;0;;;80;;Never;;;F;F;0
0;0;AAL_CEF17;1;;;80;;Never;;;F;F;0
0;0;AAL_CEF17;2;;;80;;Never;;;F;F;0
0;0;AAL_CEF19;0;;;80;;Never;;;F;F;0
0;0;AAL_CEF19;1;;;80;;Never;;;F;F;0
0;0;AAL_CEF19;2;;;80;;Never;;;F;F;0
0;0;AAL_CES0;0;;;80;;Never;;;F;F;0
0;0;AAL_CES0;1;;;80;;Never;;;F;F;0
0;0;AAL_CES0;2;;;80;;Never;;;F;F;0
0;0;AAL_CES06;0;;;80;;Never;;;F;F;0
0;0;AAL_CES06;1;;;80;;Never;;;F;F;0
0;0;AAL_CES06;2;;;80;;Never;;;F;F;0
0;0;AAL_CES01;0;;;80;;Never;;;F;F;0
0;0;AAL_CES01;1;;;80;;Never;;;F;F;0
0;0;AAL_CES01;2;;;80;;Never;;;F;F;0
0;0;AAL_CES1;0;;;80;;Never;;;F;F;0
0;0;AAL_CES1;1;;;80;;Never;;;F;F;0
0;0;AAL_CES1;2;;;80;;Never;;;F;F;0
0;0;AAL_CES02;0;;;80;;Never;;;F;F;0
0;0;AAL_CES02;1;;;80;;Never;;;F;F;0
0;0;AAL_CES02;2;;;80;;Never;;;F;F;0
0;0;AAL_CES021;0;;;80;;Never;;;F;F;0
0;0;AAL_CES021;1;;;80;;Never;;;F;F;0
0;0;AAL_CES021;2;;;80;;Never;;;F;F;0
0;0;AAL_CES03;0;;;80;;Never;;;F;F;0
0;0;AAL_CES03;1;;;80;;Never;;;F;F;0
0;0;AAL_CES03;2;;;80;;Never;;;F;F;0
0;0;AAL_CES04;0;;;80;;Never;;;F;F;0
0;0;AAL_CES04;1;;;80;;Never;;;F;F;0
0;0;AAL_CES04;2;;;80;;Never;;;F;F;0
0;0;AAL_CES05;0;;;80;;Never;;;F;F;0
0;0;AAL_CES05;1;;;80;;Never;;;F;F;0
0;0;AAL_CES05;2;;;80;;Never;;;F;F;0
0;0;AAL_CES19;0;;;80;;Never;;;F;F;0
0;0;AAL_CES19;1;;;80;;Never;;;F;F;0
0;0;AAL_CES19;2;;;80;;Never;;;F;F;0
0;0;AAL_CES11;0;;;80;;Never;;;F;F;0
0;0;AAL_CES11;1;;;80;;Never;;;F;F;0
0;0;AAL_CES11;2;;;80;;Never;;;F;F;0
0;0;AAL_CES15;0;;;80;;Never;;;F;F;0
0;0;AAL_CES15;1;;;80;;Never;;;F;F;0
0;0;AAL_CES15;2;;;80;;Never;;;F;F;0
0;0;AAL_CES16;0;;;80;;Never;;;F;F;0
0;0;AAL_CES16;1;;;80;;Never;;;F;F;0
0;0;AAL_CES16;2;;;80;;Never;;;F;F;0
0;0;AAL_CES1A;0;;;80;;Never;;;F;F;0
0;0;AAL_CES1A;1;;;80;;Never;;;F;F;0
0;0;AAL_CES1A;2;;;80;;Never;;;F;F;0
0;0;AAL_CES1B;0;;;80;;Never;;;F;F;0
0;0;AAL_CES1B;1;;;80;;Never;;;F;F;0
0;0;AAL_CES1B;2;;;80;;Never;;;F;F;0
0;0;AAL_CES1E;0;;;80;;Never;;;F;F;0
0;0;AAL_CES1E;1;;;80;;Never;;;F;F;0
0;0;AAL_CES1E;2;;;80;;Never;;;F;F;0
0;0;AAL_CES1F;0;;;80;;Never;;;F;F;0
0;0;AAL_CES1F;1;;;80;;Never;;;F;F;0
0;0;AAL_CES1F;2;;;80;;Never;;;F;F;0
0;0;AAL_CES14;0;;;80;;Never;;;F;F;0
0;0;AAL_CES14;1;;;80;;Never;;;F;F;0
0;0;AAL_CES14;2;;;80;;Never;;;F;F;0
0;0;AAL_CES1C;0;;;80;;Never;;;F;F;0
0;0;AAL_CES1C;1;;;80;;Never;;;F;F;0
0;0;AAL_CES1C;2;;;80;;Never;;;F;F;0
0;0;AAL_CES2;0;;;80;;Never;;;F;F;0
0;0;AAL_CES2;1;;;80;;Never;;;F;F;0
0;0;AAL_CES2;2;;;80;;Never;;;F;F;0
0;0;AAL_CES12;0;;;80;;Never;;;F;F;0
0;0;AAL_CES12;1;;;80;;Never;;;F;F;0
0;0;AAL_CES12;2;;;80;;Never;;;F;F;0
0;0;AAL_CES13;0;;;80;;Never;;;F;F;0
0;0;AAL_CES13;1;;;80;;Never;;;F;F;0
0;0;AAL_CES13;2;;;80;;Never;;;F;F;0
0;0;AAL_CES17;0;;;80;;Never;;;F;F;0
0;0;AAL_CES17;1;;;80;;Never;;;F;F;0
0;0;AAL_CES17;2;;;80;;Never;;;F;F;0
0;0;AAL_CET0;0;;;80;;Never;;;F;F;0
0;0;AAL_CET0;1;;;80;;Never;;;F;F;0
0;0;AAL_CET0;2;;;80;;Never;;;F;F;0
0;0;AAL_CET01;0;;;80;;Never;;;F;F;0
0;0;AAL_CET01;1;;;80;;Never;;;F;F;0
0;0;AAL_CET01;2;;;80;;Never;;;F;F;0
0;0;AAL_CET011;0;;;80;;Never;;;F;F;0
0;0;AAL_CET011;1;;;80;;Never;;;F;F;0
0;0;AAL_CET011;2;;;80;;Never;;;F;F;0
0;0;AAL_CET012;0;;;80;;Never;;;F;F;0
0;0;AAL_CET012;1;;;80;;Never;;;F;F;0
0;0;AAL_CET012;2;;;80;;Never;;;F;F;0
0;0;AAL_CET013;0;;;80;;Never;;;F;F;0
0;0;AAL_CET013;1;;;80;;Never;;;F;F;0
0;0;AAL_CET013;2;;;80;;Never;;;F;F;0
0;0;AAL_CET02;0;;;80;;Never;;;F;F;0
0;0;AAL_CET02;1;;;80;;Never;;;F;F;0
0;0;AAL_CET02;2;;;80;;Never;;;F;F;0
0;0;AAL_CET03;0;;;80;;Never;;;F;F;0
0;0;AAL_CET03;1;;;80;;Never;;;F;F;0
0;0;AAL_CET03;2;;;80;;Never;;;F;F;0
0;0;AAL_CET04;0;;;80;;Never;;;F;F;0
0;0;AAL_CET04;1;;;80;;Never;;;F;F;0
0;0;AAL_CET04;2;;;80;;Never;;;F;F;0
0;0;AAL_CET05;0;;;80;;Never;;;F;F;0
0;0;AAL_CET05;1;;;80;;Never;;;F;F;0
0;0;AAL_CET05;2;;;80;;Never;;;F;F;0
0;0;AAL_CET06;0;;;80;;Never;;;F;F;0
0;0;AAL_CET06;1;;;80;;Never;;;F;F;0
0;0;AAL_CET06;2;;;80;;Never;;;F;F;0
0;0;AAL_CET07;0;;;80;;Never;;;F;F;0
0;0;AAL_CET07;1;;;80;;Never;;;F;F;0
0;0;AAL_CET07;2;;;80;;Never;;;F;F;0
0;0;AAL_CET1;0;;;80;;Never;;;F;F;0
0;0;AAL_CET1;1;;;80;;Never;;;F;F;0
0;0;AAL_CET1;2;;;80;;Never;;;F;F;0
0;0;AAL_CETA;0;;;80;;Never;;;F;F;0
0;0;AAL_CETA;1;;;80;;Never;;;F;F;0
0;0;AAL_CETA;2;;;80;;Never;;;F;F;0
0;0;AAL_CETB;0;;;80;;Never;;;F;F;0
0;0;AAL_CETB;1;;;80;;Never;;;F;F;0
0;0;AAL_CETB;2;;;80;;Never;;;F;F;0
0;0;AAL_CET13;0;;;80;;Never;;;F;F;0
0;0;AAL_CET13;1;;;80;;Never;;;F;F;0
0;0;AAL_CET13;2;;;80;;Never;;;F;F;0
0;0;AAL_CET131;0;;;80;;Never;;;F;F;0
0;0;AAL_CET131;1;;;80;;Never;;;F;F;0
0;0;AAL_CET131;2;;;80;;Never;;;F;F;0
0;0;AAL_CETB1;0;;;80;;Never;;;F;F;0
0;0;AAL_CETB1;1;;;80;;Never;;;F;F;0
0;0;AAL_CETB1;2;;;80;;Never;;;F;F;0
0;0;AAL_CETB11;0;;;80;;Never;;;F;F;0
0;0;AAL_CETB11;1;;;80;;Never;;;F;F;0
0;0;AAL_CETB11;2;;;80;;Never;;;F;F;0
0;0;AAL_CETB111;0;;;80;;Never;;;F;F;0
0;0;AAL_CETB111;1;;;80;;Never;;;F;F;0
0;0;AAL_CETB111;2;;;80;;Never;;;F;F;0
0;0;AAL_CETB12;0;;;80;;Never;;;F;F;0
0;0;AAL_CETB12;1;;;80;;Never;;;F;F;0
0;0;AAL_CETB12;2;;;80;;Never;;;F;F;0
0;0;AAL_CETB21;0;;;80;;Never;;;F;F;0
0;0;AAL_CETB21;1;;;80;;Never;;;F;F;0
0;0;AAL_CETB21;2;;;80;;Never;;;F;F;0
0;0;AAL_CET121;0;;;80;;Never;;;F;F;0
0;0;AAL_CET121;1;;;80;;Never;;;F;F;0
0;0;AAL_CET121;2;;;80;;Never;;;F;F;0
0;0;AAL_CETA5;0;;;80;;Never;;;F;F;0
0;0;AAL_CETA5;1;;;80;;Never;;;F;F;0
0;0;AAL_CETA5;2;;;80;;Never;;;F;F;0
0;0;AAL_CETA51;0;;;80;;Never;;;F;F;0
0;0;AAL_CETA51;1;;;80;;Never;;;F;F;0
0;0;AAL_CETA51;2;;;80;;Never;;;F;F;0
0;0;AAL_CETA52;0;;;80;;Never;;;F;F;0
0;0;AAL_CETA52;1;;;80;;Never;;;F;F;0
0;0;AAL_CETA52;2;;;80;;Never;;;F;F;0
0;0;AAL_CET16;0;;;80;;Never;;;F;F;0
0;0;AAL_CET16;1;;;80;;Never;;;F;F;0
0;0;AAL_CET16;2;;;80;;Never;;;F;F;0
0;0;AAL_CETA11;0;;;80;;Never;;;F;F;0
0;0;AAL_CETA11;1;;;80;;Never;;;F;F;0
0;0;AAL_CETA11;2;;;80;;Never;;;F;F;0
0;0;AAL_CET1H;0;;;80;;Never;;;F;F;0
0;0;AAL_CET1H;1;;;80;;Never;;;F;F;0
0;0;AAL_CET1H;2;;;80;;Never;;;F;F;0
0;0;AAL_CET1H1;0;;;80;;Never;;;F;F;0
0;0;AAL_CET1H1;1;;;80;;Never;;;F;F;0
0;0;AAL_CET1H1;2;;;80;;Never;;;F;F;0
0;0;AAL_CET17;0;;;80;;Never;;;F;F;0
0;0;AAL_CET17;1;;;80;;Never;;;F;F;0
0;0;AAL_CET17;2;;;80;;Never;;;F;F;0
0;0;AAL_CET171;0;;;80;;Never;;;F;F;0
0;0;AAL_CET171;1;;;80;;Never;;;F;F;0
0;0;AAL_CET171;2;;;80;;Never;;;F;F;0
0;0;AAL_CETA2;0;;;80;;Never;;;F;F;0
0;0;AAL_CETA2;1;;;80;;Never;;;F;F;0
0;0;AAL_CETA2;2;;;80;;Never;;;F;F;0
0;0;AAL_CET1B;0;;;80;;Never;;;F;F;0
0;0;AAL_CET1B;1;;;80;;Never;;;F;F;0
0;0;AAL_CET1B;2;;;80;;Never;;;F;F;0
0;0;AAL_CET1C;0;;;80;;Never;;;F;F;0
0;0;AAL_CET1C;1;;;80;;Never;;;F;F;0
0;0;AAL_CET1C;2;;;80;;Never;;;F;F;0
0;0;AAL_CET1D;0;;;80;;Never;;;F;F;0
0;0;AAL_CET1D;1;;;80;;Never;;;F;F;0
0;0;AAL_CET1D;2;;;80;;Never;;;F;F;0
0;0;AAL_CET1R;0;;;80;;Never;;;F;F;0
0;0;AAL_CET1R;1;;;80;;Never;;;F;F;0
0;0;AAL_CET1R;2;;;80;;Never;;;F;F;0
0;0;AAL_CETA4;0;;;80;;Never;;;F;F;0
0;0;AAL_CETA4;1;;;80;;Never;;;F;F;0
0;0;AAL_CETA4;2;;;80;;Never;;;F;F;0
0;0;AAL_CET1F;0;;;80;;Never;;;F;F;0
0;0;AAL_CET1F;1;;;80;;Never;;;F;F;0
0;0;AAL_CET1F;2;;;80;;Never;;;F;F;0
0;0;AAL_CET1I;0;;;80;;Never;;;F;F;0
0;0;AAL_CET1I;1;;;80;;Never;;;F;F;0
0;0;AAL_CET1I;2;;;80;;Never;;;F;F;0
0;0;AAL_CETA3;0;;;80;;Never;;;F;F;0
0;0;AAL_CETA3;1;;;80;;Never;;;F;F;0
0;0;AAL_CETA3;2;;;80;;Never;;;F;F;0
0;0;AAL_CET1V;0;;;80;;Never;;;F;F;0
0;0;AAL_CET1V;1;;;80;;Never;;;F;F;0
0;0;AAL_CET1V;2;;;80;;Never;;;F;F;0
0;0;AAL_CETB2;0;;;80;;Never;;;F;F;0
0;0;AAL_CETB2;1;;;80;;Never;;;F;F;0
0;0;AAL_CETB2;2;;;80;;Never;;;F;F;0
0;0;AAL_CET036;0;;;80;;Never;;;F;F;0
0;0;AAL_CET036;1;;;80;;Never;;;F;F;0
0;0;AAL_CET036;2;;;80;;Never;;;F;F;0
0;0;AAL_CET1M;0;;;80;;Never;;;F;F;0
0;0;AAL_CET1M;1;;;80;;Never;;;F;F;0
0;0;AAL_CET1M;2;;;80;;Never;;;F;F;0
0;0;AAL_CET1M1;0;;;80;;Never;;;F;F;0
0;0;AAL_CET1M1;1;;;80;;Never;;;F;F;0
0;0;AAL_CET1M1;2;;;80;;Never;;;F;F;0
0;0;AAL_CET1M2;0;;;80;;Never;;;F;F;0
0;0;AAL_CET1M2;1;;;80;;Never;;;F;F;0
0;0;AAL_CET1M2;2;;;80;;Never;;;F;F;0
0;0;AAL_CETA6;0;;;80;;Never;;;F;F;0
0;0;AAL_CETA6;1;;;80;;Never;;;F;F;0
0;0;AAL_CETA6;2;;;80;;Never;;;F;F;0
0;0;AAL_CET1O;0;;;80;;Never;;;F;F;0
0;0;AAL_CET1O;1;;;80;;Never;;;F;F;0
0;0;AAL_CET1O;2;;;80;;Never;;;F;F;0
0;0;AAL_CET1P;0;;;80;;Never;;;F;F;0
0;0;AAL_CET1P;1;;;80;;Never;;;F;F;0
0;0;AAL_CET1P;2;;;80;;Never;;;F;F;0
0;0;AAL_CET1J;0;;;80;;Never;;;F;F;0
0;0;AAL_CET1J;1;;;80;;Never;;;F;F;0
0;0;AAL_CET1J;2;;;80;;Never;;;F;F;0
0;0;AAL_CET1K;0;;;80;;Never;;;F;F;0
0;0;AAL_CET1K;1;;;80;;Never;;;F;F;0
0;0;AAL_CET1K;2;;;80;;Never;;;F;F;0
0;0;AAL_CET2;0;;;80;;Never;;;F;F;0
0;0;AAL_CET2;1;;;80;;Never;;;F;F;0
0;0;AAL_CET2;2;;;80;;Never;;;F;F;0
0;0;AAL_CET032;0;;;80;;Never;;;F;F;0
0;0;AAL_CET032;1;;;80;;Never;;;F;F;0
0;0;AAL_CET032;2;;;80;;Never;;;F;F;0
0;0;AAL_CET033;0;;;80;;Never;;;F;F;0
0;0;AAL_CET033;1;;;80;;Never;;;F;F;0
0;0;AAL_CET033;2;;;80;;Never;;;F;F;0
0;0;AAL_CET034;0;;;80;;Never;;;F;F;0
0;0;AAL_CET034;1;;;80;;Never;;;F;F;0
0;0;AAL_CET034;2;;;80;;Never;;;F;F;0
0;0;AAL_CET035;0;;;80;;Never;;;F;F;0
0;0;AAL_CET035;1;;;80;;Never;;;F;F;0
0;0;AAL_CET035;2;;;80;;Never;;;F;F;0
0;0;AAL_CET3;0;;;80;;Never;;;F;F;0
0;0;AAL_CET3;1;;;80;;Never;;;F;F;0
0;0;AAL_CET3;2;;;80;;Never;;;F;F;0
0;0;AAL_CET31;0;;;80;;Never;;;F;F;0
0;0;AAL_CET31;1;;;80;;Never;;;F;F;0
0;0;AAL_CET31;2;;;80;;Never;;;F;F;0
0;0;AAL_CET039;0;;;80;;Never;;;F;F;0
0;0;AAL_CET039;1;;;80;;Never;;;F;F;0
0;0;AAL_CET039;2;;;80;;Never;;;F;F;0
0;0;AAL_CET311;0;;;80;;Never;;;F;F;0
0;0;AAL_CET311;1;;;80;;Never;;;F;F;0
0;0;AAL_CET311;2;;;80;;Never;;;F;F;0
0;0;AAL_CET3111;0;;;80;;Never;;;F;F;0
0;0;AAL_CET3111;1;;;80;;Never;;;F;F;0
0;0;AAL_CET3111;2;;;80;;Never;;;F;F;0
0;0;AAL_CET31C;0;;;80;;Never;;;F;F;0
0;0;AAL_CET31C;1;;;80;;Never;;;F;F;0
0;0;AAL_CET31C;2;;;80;;Never;;;F;F;0
0;0;AAL_CET31D;0;;;80;;Never;;;F;F;0
0;0;AAL_CET31D;1;;;80;;Never;;;F;F;0
0;0;AAL_CET31D;2;;;80;;Never;;;F;F;0
0;0;AAL_CET31H;0;;;80;;Never;;;F;F;0
0;0;AAL_CET31H;1;;;80;;Never;;;F;F;0
0;0;AAL_CET31H;2;;;80;;Never;;;F;F;0
0;0;AAL_CET31I;0;;;80;;Never;;;F;F;0
0;0;AAL_CET31I;1;;;80;;Never;;;F;F;0
0;0;AAL_CET31I;2;;;80;;Never;;;F;F;0
0;0;AAL_CET31J;0;;;80;;Never;;;F;F;0
0;0;AAL_CET31J;1;;;80;;Never;;;F;F;0
0;0;AAL_CET31J;2;;;80;;Never;;;F;F;0
0;0;AAL_CET31K;0;;;80;;Never;;;F;F;0
0;0;AAL_CET31K;1;;;80;;Never;;;F;F;0
0;0;AAL_CET31K;2;;;80;;Never;;;F;F;0
0;0;AAL_CET31L;0;;;80;;Never;;;F;F;0
0;0;AAL_CET31L;1;;;80;;Never;;;F;F;0
0;0;AAL_CET31L;2;;;80;;Never;;;F;F;0
0;0;AAL_CET31M;0;;;80;;Never;;;F;F;0
0;0;AAL_CET31M;1;;;80;;Never;;;F;F;0
0;0;AAL_CET31M;2;;;80;;Never;;;F;F;0
0;0;AAL_CET31A;0;;;80;;Never;;;F;F;0
0;0;AAL_CET31A;1;;;80;;Never;;;F;F;0
0;0;AAL_CET31A;2;;;80;;Never;;;F;F;0
0;0;AAL_CET31G;0;;;80;;Never;;;F;F;0
0;0;AAL_CET31G;1;;;80;;Never;;;F;F;0
0;0;AAL_CET31G;2;;;80;;Never;;;F;F;0
0;0;AAL_CET31F;0;;;80;;Never;;;F;F;0
0;0;AAL_CET31F;1;;;80;;Never;;;F;F;0
0;0;AAL_CET31F;2;;;80;;Never;;;F;F;0
0;0;AAL_CET31E;0;;;80;;Never;;;F;F;0
0;0;AAL_CET31E;1;;;80;;Never;;;F;F;0
0;0;AAL_CET31E;2;;;80;;Never;;;F;F;0
0;0;AAL_CET31B;0;;;80;;Never;;;F;F;0
0;0;AAL_CET31B;1;;;80;;Never;;;F;F;0
0;0;AAL_CET31B;2;;;80;;Never;;;F;F;0
0;0;AAL_CET312;0;;;80;;Never;;;F;F;0
0;0;AAL_CET312;1;;;80;;Never;;;F;F;0
0;0;AAL_CET312;2;;;80;;Never;;;F;F;0
0;0;AAL_CET313;0;;;80;;Never;;;F;F;0
0;0;AAL_CET313;1;;;80;;Never;;;F;F;0
0;0;AAL_CET313;2;;;80;;Never;;;F;F;0
0;0;AAL_CET314;0;;;80;;Never;;;F;F;0
0;0;AAL_CET314;1;;;80;;Never;;;F;F;0
0;0;AAL_CET314;2;;;80;;Never;;;F;F;0
0;0;AAL_CET32;0;;;80;;Never;;;F;F;0
0;0;AAL_CET32;1;;;80;;Never;;;F;F;0
0;0;AAL_CET32;2;;;80;;Never;;;F;F;0
0;0;AAL_CET321;0;;;80;;Never;;;F;F;0
0;0;AAL_CET321;1;;;80;;Never;;;F;F;0
0;0;AAL_CET321;2;;;80;;Never;;;F;F;0
0;0;AAL_CET322;0;;;80;;Never;;;F;F;0
0;0;AAL_CET322;1;;;80;;Never;;;F;F;0
0;0;AAL_CET322;2;;;80;;Never;;;F;F;0
0;0;AAL_CET323;0;;;80;;Never;;;F;F;0
0;0;AAL_CET323;1;;;80;;Never;;;F;F;0
0;0;AAL_CET323;2;;;80;;Never;;;F;F;0
0;0;AAL_CER0;0;;;80;;Never;;;F;F;0
0;0;AAL_CER0;1;;;80;;Never;;;F;F;0
0;0;AAL_CER0;2;;;80;;Never;;;F;F;0
0;0;AAL_CER1;0;;;80;;Never;;;F;F;0
0;0;AAL_CER1;1;;;80;;Never;;;F;F;0
0;0;AAL_CER1;2;;;80;;Never;;;F;F;0
0;0;AAL_CER2;0;;;80;;Never;;;F;F;0
0;0;AAL_CER2;1;;;80;;Never;;;F;F;0
0;0;AAL_CER2;2;;;80;;Never;;;F;F;0
0;0;AAL_CER11;0;;;80;;Never;;;F;F;0
0;0;AAL_CER11;1;;;80;;Never;;;F;F;0
0;0;AAL_CER11;2;;;80;;Never;;;F;F;0
0;0;AAL_CER12;0;;;80;;Never;;;F;F;0
0;0;AAL_CER12;1;;;80;;Never;;;F;F;0
0;0;AAL_CER12;2;;;80;;Never;;;F;F;0
0;0;AAL_CER13;0;;;80;;Never;;;F;F;0
0;0;AAL_CER13;1;;;80;;Never;;;F;F;0
0;0;AAL_CER13;2;;;80;;Never;;;F;F;0
0;0;AAL_CER14;0;;;80;;Never;;;F;F;0
0;0;AAL_CER14;1;;;80;;Never;;;F;F;0
0;0;AAL_CER14;2;;;80;;Never;;;F;F;0
0;0;AAL_CPT0;0;;;80;;Never;;;F;F;0
0;0;AAL_CPT0;1;;;80;;Never;;;F;F;0
0;0;AAL_CPT0;2;;;80;;Never;;;F;F;0
0;0;AAL_CPT1;0;;;80;;Never;;;F;F;0
0;0;AAL_CPT1;1;;;80;;Never;;;F;F;0
0;0;AAL_CPT1;2;;;80;;Never;;;F;F;0
0;0;AAL_CPT11;0;;;80;;Never;;;F;F;0
0;0;AAL_CPT11;1;;;80;;Never;;;F;F;0
0;0;AAL_CPT11;2;;;80;;Never;;;F;F;0
0;0;AAL_CPT12;0;;;80;;Never;;;F;F;0
0;0;AAL_CPT12;1;;;80;;Never;;;F;F;0
0;0;AAL_CPT12;2;;;80;;Never;;;F;F;0
0;0;AAL_CPT13;0;;;80;;Never;;;F;F;0
0;0;AAL_CPT13;1;;;80;;Never;;;F;F;0
0;0;AAL_CPT13;2;;;80;;Never;;;F;F;0
0;0;AAL_CPT14;0;;;80;;Never;;;F;F;0
0;0;AAL_CPT14;1;;;80;;Never;;;F;F;0
0;0;AAL_CPT14;2;;;80;;Never;;;F;F;0
0;0;AAL_CPT15;0;;;80;;Never;;;F;F;0
0;0;AAL_CPT15;1;;;80;;Never;;;F;F;0
0;0;AAL_CPT15;2;;;80;;Never;;;F;F;0
0;0;AAL_CPT16;0;;;80;;Never;;;F;F;0
0;0;AAL_CPT16;1;;;80;;Never;;;F;F;0
0;0;AAL_CPT16;2;;;80;;Never;;;F;F;0
0;0;AAL_CPT2;0;;;80;;Never;;;F;F;0
0;0;AAL_CPT2;1;;;80;;Never;;;F;F;0
0;0;AAL_CPT2;2;;;80;;Never;;;F;F;0
0;0;AAL_CPT3;0;;;80;;Never;;;F;F;0
0;0;AAL_CPT3;1;;;80;;Never;;;F;F;0
0;0;AAL_CPT3;2;;;80;;Never;;;F;F;0
0;0;AAL_X0;0;;;80;;Never;;;F;F;0
0;0;AAL_X0;1;;;80;;Never;;;F;F;0
0;0;AAL_X0;2;;;80;;Never;;;F;F;0
0;0;AAL_X1;0;;;80;;Never;;;F;F;0
0;0;AAL_X1;1;;;80;;Never;;;F;F;0
0;0;AAL_X1;2;;;80;;Never;;;F;F;0
0;0;AAL_X11;0;;;80;;Never;;;F;F;0
0;0;AAL_X11;1;;;80;;Never;;;F;F;0
0;0;AAL_X11;2;;;80;;Never;;;F;F;0
0;0;AAL_X12;0;;;80;;Never;;;F;F;0
0;0;AAL_X12;1;;;80;;Never;;;F;F;0
0;0;AAL_X12;2;;;80;;Never;;;F;F;0
0;0;AAL_X13;0;;;80;;Never;;;F;F;0
0;0;AAL_X13;1;;;80;;Never;;;F;F;0
0;0;AAL_X13;2;;;80;;Never;;;F;F;0
0;0;AAL_X14;0;;;80;;Never;;;F;F;0
0;0;AAL_X14;1;;;80;;Never;;;F;F;0
0;0;AAL_X14;2;;;80;;Never;;;F;F;0
0;0;AAL_X15;0;;;80;;Never;;;F;F;0
0;0;AAL_X15;1;;;80;;Never;;;F;F;0
0;0;AAL_X15;2;;;80;;Never;;;F;F;0
0;0;AAL_X16;0;;;80;;Never;;;F;F;0
0;0;AAL_X16;1;;;80;;Never;;;F;F;0
0;0;AAL_X16;2;;;80;;Never;;;F;F;0
0;0;AAL_X2;0;;;80;;Never;;;F;F;0
0;0;AAL_X2;1;;;80;;Never;;;F;F;0
0;0;AAL_X2;2;;;80;;Never;;;F;F;0
0;0;AAL_X3;0;;;80;;Never;;;F;F;0
0;0;AAL_X3;1;;;80;;Never;;;F;F;0
0;0;AAL_X3;2;;;80;;Never;;;F;F;0
0;0;AAL_X4;0;;;80;;Never;;;F;F;0
0;0;AAL_X4;1;;;80;;Never;;;F;F;0
0;0;AAL_X4;2;;;80;;Never;;;F;F;0
0;0;AAL_X5;0;;;80;;Never;;;F;F;0
0;0;AAL_X5;1;;;80;;Never;;;F;F;0
0;0;AAL_X5;2;;;80;;Never;;;F;F;0
0;0;AAL_X6;0;;;80;;Never;;;F;F;0
0;0;AAL_X6;1;;;80;;Never;;;F;F;0
0;0;AAL_X6;2;;;80;;Never;;;F;F;0
0;0;AAL_;0;;;80;;Never;;;F;F;0
0;0;AAL_;1;;;80;;Never;;;F;F;0
0;0;AAL_;2;;;80;;Never;;;F;F;0
0;0;AAL_CC0;0;;;80;;Never;;;F;F;0
0;0;AAL_CC0;1;;;80;;Never;;;F;F;0
0;0;AAL_CC0;2;;;80;;Never;;;F;F;0
0;0;AAL_CCF;0;;;80;;Never;;;F;F;0
0;0;AAL_CCF;1;;;80;;Never;;;F;F;0
0;0;AAL_CCF;2;;;80;;Never;;;F;F;0
0;0;AAL_CCG;0;;;80;;Never;;;F;F;0
0;0;AAL_CCG;1;;;80;;Never;;;F;F;0
0;0;AAL_CCG;2;;;80;;Never;;;F;F;0
0;0;AAL_CCH;0;;;80;;Never;;;F;F;0
0;0;AAL_CCH;1;;;80;;Never;;;F;F;0
0;0;AAL_CCH;2;;;80;;Never;;;F;F;0
0;0;AAL_CCI;0;;;80;;Never;;;F;F;0
0;0;AAL_CCI;1;;;80;;Never;;;F;F;0
0;0;AAL_CCI;2;;;80;;Never;;;F;F;0
0;0;AAL_CCE;0;;;80;;Never;;;F;F;0
0;0;AAL_CCE;1;;;80;;Never;;;F;F;0
0;0;AAL_CCE;2;;;80;;Never;;;F;F;0
0;0;AAL_CC1;0;;;80;;Never;;;F;F;0
0;0;AAL_CC1;1;;;80;;Never;;;F;F;0
0;0;AAL_CC1;2;;;80;;Never;;;F;F;0
0;0;AAL_CCD;0;;;80;;Never;;;F;F;0
0;0;AAL_CCD;1;;;80;;Never;;;F;F;0
0;0;AAL_CCD;2;;;80;;Never;;;F;F;0
0;0;AAL_CCD1;0;;;80;;Never;;;F;F;0
0;0;AAL_CCD1;1;;;80;;Never;;;F;F;0
0;0;AAL_CCD1;2;;;80;;Never;;;F;F;0
0;0;AAL_CCD2;0;;;80;;Never;;;F;F;0
0;0;AAL_CCD2;1;;;80;;Never;;;F;F;0
0;0;AAL_CCD2;2;;;80;;Never;;;F;F;0
0;0;AAL_CCA;0;;;80;;Never;;;F;F;0
0;0;AAL_CCA;1;;;80;;Never;;;F;F;0
0;0;AAL_CCA;2;;;80;;Never;;;F;F;0
0;0;AAL_CC11;0;;;80;;Never;;;F;F;0
0;0;AAL_CC11;1;;;80;;Never;;;F;F;0
0;0;AAL_CC11;2;;;80;;Never;;;F;F;0
0;0;AAL_CC112;0;;;80;;Never;;;F;F;0
0;0;AAL_CC112;1;;;80;;Never;;;F;F;0
0;0;AAL_CC112;2;;;80;;Never;;;F;F;0
0;0;AAL_CC114;0;;;80;;Never;;;F;F;0
0;0;AAL_CC114;1;;;80;;Never;;;F;F;0
0;0;AAL_CC114;2;;;80;;Never;;;F;F;0
0;0;AAL_CC117;0;;;80;;Never;;;F;F;0
0;0;AAL_CC117;1;;;80;;Never;;;F;F;0
0;0;AAL_CC117;2;;;80;;Never;;;F;F;0
0;0;AAL_CC118;0;;;80;;Never;;;F;F;0
0;0;AAL_CC118;1;;;80;;Never;;;F;F;0
0;0;AAL_CC118;2;;;80;;Never;;;F;F;0
0;0;AAL_CC12;0;;;80;;Never;;;F;F;0
0;0;AAL_CC12;1;;;80;;Never;;;F;F;0
0;0;AAL_CC12;2;;;80;;Never;;;F;F;0
0;0;AAL_CC13;0;;;80;;Never;;;F;F;0
0;0;AAL_CC13;1;;;80;;Never;;;F;F;0
0;0;AAL_CC13;2;;;80;;Never;;;F;F;0
0;0;AAL_CC14;0;;;80;;Never;;;F;F;0
0;0;AAL_CC14;1;;;80;;Never;;;F;F;0
0;0;AAL_CC14;2;;;80;;Never;;;F;F;0
0;0;AAL_CC15;0;;;80;;Never;;;F;F;0
0;0;AAL_CC15;1;;;80;;Never;;;F;F;0
0;0;AAL_CC15;2;;;80;;Never;;;F;F;0
0;0;AAL_CC16;0;;;80;;Never;;;F;F;0
0;0;AAL_CC16;1;;;80;;Never;;;F;F;0
0;0;AAL_CC16;2;;;80;;Never;;;F;F;0
0;0;AAL_CCB;0;;;80;;Never;;;F;F;0
0;0;AAL_CCB;1;;;80;;Never;;;F;F;0
0;0;AAL_CCB;2;;;80;;Never;;;F;F;0
0;0;AAL_CCB1;0;;;80;;Never;;;F;F;0
0;0;AAL_CCB1;1;;;80;;Never;;;F;F;0
0;0;AAL_CCB1;2;;;80;;Never;;;F;F;0
0;0;AAL_CC1A;0;;;80;;Never;;;F;F;0
0;0;AAL_CC1A;1;;;80;;Never;;;F;F;0
0;0;AAL_CC1A;2;;;80;;Never;;;F;F;0
0;0;AAL_CC1A1;0;;;80;;Never;;;F;F;0
0;0;AAL_CC1A1;1;;;80;;Never;;;F;F;0
0;0;AAL_CC1A1;2;;;80;;Never;;;F;F;0
0;0;AAL_CC1A2;0;;;80;;Never;;;F;F;0
0;0;AAL_CC1A2;1;;;80;;Never;;;F;F;0
0;0;AAL_CC1A2;2;;;80;;Never;;;F;F;0
0;0;AAL_CC1AA;0;;;80;;Never;;;F;F;0
0;0;AAL_CC1AA;1;;;80;;Never;;;F;F;0
0;0;AAL_CC1AA;2;;;80;;Never;;;F;F;0
0;0;AAL_CC1AB;0;;;80;;Never;;;F;F;0
0;0;AAL_CC1AB;1;;;80;;Never;;;F;F;0
0;0;AAL_CC1AB;2;;;80;;Never;;;F;F;0
0;0;AAL_CC1A3;0;;;80;;Never;;;F;F;0
0;0;AAL_CC1A3;1;;;80;;Never;;;F;F;0
0;0;AAL_CC1A3;2;;;80;;Never;;;F;F;0
0;0;AAL_CC1B;0;;;80;;Never;;;F;F;0
0;0;AAL_CC1B;1;;;80;;Never;;;F;F;0
0;0;AAL_CC1B;2;;;80;;Never;;;F;F;0
0;0;AAL_CCB5;0;;;80;;Never;;;F;F;0
0;0;AAL_CCB5;1;;;80;;Never;;;F;F;0
0;0;AAL_CCB5;2;;;80;;Never;;;F;F;0
0;0;AAL_CCB4;0;;;80;;Never;;;F;F;0
0;0;AAL_CCB4;1;;;80;;Never;;;F;F;0
0;0;AAL_CCB4;2;;;80;;Never;;;F;F;0
0;0;AAL_CC1F;0;;;80;;Never;;;F;F;0
0;0;AAL_CC1F;1;;;80;;Never;;;F;F;0
0;0;AAL_CC1F;2;;;80;;Never;;;F;F;0
0;0;AAL_CCB2;0;;;80;;Never;;;F;F;0
0;0;AAL_CCB2;1;;;80;;Never;;;F;F;0
0;0;AAL_CCB2;2;;;80;;Never;;;F;F;0
0;0;AAL_CCB3;0;;;80;;Never;;;F;F;0
0;0;AAL_CCB3;1;;;80;;Never;;;F;F;0
0;0;AAL_CCB3;2;;;80;;Never;;;F;F;0
0;0;AAL_CC1H;0;;;80;;Never;;;F;F;0
0;0;AAL_CC1H;1;;;80;;Never;;;F;F;0
0;0;AAL_CC1H;2;;;80;;Never;;;F;F;0
0;0;AAL_CC1H1;0;;;80;;Never;;;F;F;0
0;0;AAL_CC1H1;1;;;80;;Never;;;F;F;0
0;0;AAL_CC1H1;2;;;80;;Never;;;F;F;0
0;0;AAL_CC1H2;0;;;80;;Never;;;F;F;0
0;0;AAL_CC1H2;1;;;80;;Never;;;F;F;0
0;0;AAL_CC1H2;2;;;80;;Never;;;F;F;0
0;0;AAL_CC1C;0;;;80;;Never;;;F;F;0
0;0;AAL_CC1C;1;;;80;;Never;;;F;F;0
0;0;AAL_CC1C;2;;;80;;Never;;;F;F;0
0;0;AAL_CC1P1;0;;;80;;Never;;;F;F;0
0;0;AAL_CC1P1;1;;;80;;Never;;;F;F;0
0;0;AAL_CC1P1;2;;;80;;Never;;;F;F;0
0;0;AAL_CC1E;0;;;80;;Never;;;F;F;0
0;0;AAL_CC1E;1;;;80;;Never;;;F;F;0
0;0;AAL_CC1E;2;;;80;;Never;;;F;F;0
0;0;AAL_CC1P11;0;;;80;;Never;;;F;F;0
0;0;AAL_CC1P11;1;;;80;;Never;;;F;F;0
0;0;AAL_CC1P11;2;;;80;;Never;;;F;F;0
0;0;AAL_CC1P111;0;;;80;;Never;;;F;F;0
0;0;AAL_CC1P111;1;;;80;;Never;;;F;F;0
0;0;AAL_CC1P111;2;;;80;;Never;;;F;F;0
0;0;AAL_CC1P112;0;;;80;;Never;;;F;F;0
0;0;AAL_CC1P112;1;;;80;;Never;;;F;F;0
0;0;AAL_CC1P112;2;;;80;;Never;;;F;F;0
0;0;AAL_CC1P113;0;;;80;;Never;;;F;F;0
0;0;AAL_CC1P113;1;;;80;;Never;;;F;F;0
0;0;AAL_CC1P113;2;;;80;;Never;;;F;F;0
0;0;AAL_CC1P12;0;;;80;;Never;;;F;F;0
0;0;AAL_CC1P12;1;;;80;;Never;;;F;F;0
0;0;AAL_CC1P12;2;;;80;;Never;;;F;F;0
0;0;AAL_CC1P121;0;;;80;;Never;;;F;F;0
0;0;AAL_CC1P121;1;;;80;;Never;;;F;F;0
0;0;AAL_CC1P121;2;;;80;;Never;;;F;F;0
0;0;AAL_CC1P122;0;;;80;;Never;;;F;F;0
0;0;AAL_CC1P122;1;;;80;;Never;;;F;F;0
0;0;AAL_CC1P122;2;;;80;;Never;;;F;F;0
0;0;AAL_CC1P123;0;;;80;;Never;;;F;F;0
0;0;AAL_CC1P123;1;;;80;;Never;;;F;F;0
0;0;AAL_CC1P123;2;;;80;;Never;;;F;F;0
0;0;AAL_CC1P124;0;;;80;;Never;;;F;F;0
0;0;AAL_CC1P124;1;;;80;;Never;;;F;F;0
0;0;AAL_CC1P124;2;;;80;;Never;;;F;F;0
0;0;AAL_CC1P125;0;;;80;;Never;;;F;F;0
0;0;AAL_CC1P125;1;;;80;;Never;;;F;F;0
0;0;AAL_CC1P125;2;;;80;;Never;;;F;F;0
0;0;AAL_CC1P126;0;;;80;;Never;;;F;F;0
0;0;AAL_CC1P126;1;;;80;;Never;;;F;F;0
0;0;AAL_CC1P126;2;;;80;;Never;;;F;F;0
0;0;AAL_CC1P127;0;;;80;;Never;;;F;F;0
0;0;AAL_CC1P127;1;;;80;;Never;;;F;F;0
0;0;AAL_CC1P127;2;;;80;;Never;;;F;F;0
0;0;AAL_CC1D;0;;;80;;Never;;;F;F;0
0;0;AAL_CC1D;1;;;80;;Never;;;F;F;0
0;0;AAL_CC1D;2;;;80;;Never;;;F;F;0
0;0;AAL_CC11D;0;;;80;;Never;;;F;F;0
0;0;AAL_CC11D;1;;;80;;Never;;;F;F;0
0;0;AAL_CC11D;2;;;80;;Never;;;F;F;0
0;0;AAL_CC1I;0;;;80;;Never;;;F;F;0
0;0;AAL_CC1I;1;;;80;;Never;;;F;F;0
0;0;AAL_CC1I;2;;;80;;Never;;;F;F;0
0;0;AAL_CC1I1;0;;;80;;Never;;;F;F;0
0;0;AAL_CC1I1;1;;;80;;Never;;;F;F;0
0;0;AAL_CC1I1;2;;;80;;Never;;;F;F;0
0;0;AAL_CC1I11;0;;;80;;Never;;;F;F;0
0;0;AAL_CC1I11;1;;;80;;Never;;;F;F;0
0;0;AAL_CC1I11;2;;;80;;Never;;;F;F;0
0;0;AAL_CC1I12;0;;;80;;Never;;;F;F;0
0;0;AAL_CC1I12;1;;;80;;Never;;;F;F;0
0;0;AAL_CC1I12;2;;;80;;Never;;;F;F;0
0;0;AAL_CC1I13;0;;;80;;Never;;;F;F;0
0;0;AAL_CC1I13;1;;;80;;Never;;;F;F;0
0;0;AAL_CC1I13;2;;;80;;Never;;;F;F;0
0;0;AAL_CC1I14;0;;;80;;Never;;;F;F;0
0;0;AAL_CC1I14;1;;;80;;Never;;;F;F;0
0;0;AAL_CC1I14;2;;;80;;Never;;;F;F;0
0;0;AAL_CC1I15;0;;;80;;Never;;;F;F;0
0;0;AAL_CC1I15;1;;;80;;Never;;;F;F;0
0;0;AAL_CC1I15;2;;;80;;Never;;;F;F;0
0;0;AAL_CC1I2;0;;;80;;Never;;;F;F;0
0;0;AAL_CC1I2;1;;;80;;Never;;;F;F;0
0;0;AAL_CC1I2;2;;;80;;Never;;;F;F;0
0;0;AAL_CC1I21;0;;;80;;Never;;;F;F;0
0;0;AAL_CC1I21;1;;;80;;Never;;;F;F;0
0;0;AAL_CC1I21;2;;;80;;Never;;;F;F;0
0;0;AAL_CC1I22;0;;;80;;Never;;;F;F;0
0;0;AAL_CC1I22;1;;;80;;Never;;;F;F;0
0;0;AAL_CC1I22;2;;;80;;Never;;;F;F;0
0;0;AAL_CC1I23;0;;;80;;Never;;;F;F;0
0;0;AAL_CC1I23;1;;;80;;Never;;;F;F;0
0;0;AAL_CC1I23;2;;;80;;Never;;;F;F;0
0;0;AAL_CC1I24;0;;;80;;Never;;;F;F;0
0;0;AAL_CC1I24;1;;;80;;Never;;;F;F;0
0;0;AAL_CC1I24;2;;;80;;Never;;;F;F;0
0;0;AAL_CC1I25;0;;;80;;Never;;;F;F;0
0;0;AAL_CC1I25;1;;;80;;Never;;;F;F;0
0;0;AAL_CC1I25;2;;;80;;Never;;;F;F;0
0;0;AAL_CC1I26;0;;;80;;Never;;;F;F;0
0;0;AAL_CC1I26;1;;;80;;Never;;;F;F;0
0;0;AAL_CC1I26;2;;;80;;Never;;;F;F;0
0;0;AAL_CC1Z;0;;;80;;Never;;;F;F;0
0;0;AAL_CC1Z;1;;;80;;Never;;;F;F;0
0;0;AAL_CC1Z;2;;;80;;Never;;;F;F;0
0;0;AAL_CC1F5;0;;;80;;Never;;;F;F;0
0;0;AAL_CC1F5;1;;;80;;Never;;;F;F;0
0;0;AAL_CC1F5;2;;;80;;Never;;;F;F;0
0;0;AAL_CC1I3;0;;;80;;Never;;;F;F;0
0;0;AAL_CC1I3;1;;;80;;Never;;;F;F;0
0;0;AAL_CC1I3;2;;;80;;Never;;;F;F;0
0;0;AAL_CC1I31;0;;;80;;Never;;;F;F;0
0;0;AAL_CC1I31;1;;;80;;Never;;;F;F;0
0;0;AAL_CC1I31;2;;;80;;Never;;;F;F;0
0;0;AAL_CC1I32;0;;;80;;Never;;;F;F;0
0;0;AAL_CC1I32;1;;;80;;Never;;;F;F;0
0;0;AAL_CC1I32;2;;;80;;Never;;;F;F;0
0;0;AAL_CC1I33;0;;;80;;Never;;;F;F;0
0;0;AAL_CC1I33;1;;;80;;Never;;;F;F;0
0;0;AAL_CC1I33;2;;;80;;Never;;;F;F;0
0;0;AAL_CC1I34;0;;;80;;Never;;;F;F;0
0;0;AAL_CC1I34;1;;;80;;Never;;;F;F;0
0;0;AAL_CC1I34;2;;;80;;Never;;;F;F;0
0;0;AAL_CC1X;0;;;80;;Never;;;F;F;0
0;0;AAL_CC1X;1;;;80;;Never;;;F;F;0
0;0;AAL_CC1X;2;;;80;;Never;;;F;F;0
0;0;AAL_CC1Q6;0;;;80;;Never;;;F;F;0
0;0;AAL_CC1Q6;1;;;80;;Never;;;F;F;0
0;0;AAL_CC1Q6;2;;;80;;Never;;;F;F;0
0;0;AAL_CC1Y;0;;;80;;Never;;;F;F;0
0;0;AAL_CC1Y;1;;;80;;Never;;;F;F;0
0;0;AAL_CC1Y;2;;;80;;Never;;;F;F;0
0;0;AAL_CC1N7;0;;;80;;Never;;;F;F;0
0;0;AAL_CC1N7;1;;;80;;Never;;;F;F;0
0;0;AAL_CC1N7;2;;;80;;Never;;;F;F;0
0;0;AAL_CC1I4;0;;;80;;Never;;;F;F;0
0;0;AAL_CC1I4;1;;;80;;Never;;;F;F;0
0;0;AAL_CC1I4;2;;;80;;Never;;;F;F;0
0;0;AAL_CC1I41;0;;;80;;Never;;;F;F;0
0;0;AAL_CC1I41;1;;;80;;Never;;;F;F;0
0;0;AAL_CC1I41;2;;;80;;Never;;;F;F;0
0;0;AAL_CC1I42;0;;;80;;Never;;;F;F;0
0;0;AAL_CC1I42;1;;;80;;Never;;;F;F;0
0;0;AAL_CC1I42;2;;;80;;Never;;;F;F;0
0;0;AAL_CC1J;0;;;80;;Never;;;F;F;0
0;0;AAL_CC1J;1;;;80;;Never;;;F;F;0
0;0;AAL_CC1J;2;;;80;;Never;;;F;F;0
0;0;AAL_CC1T;0;;;80;;Never;;;F;F;0
0;0;AAL_CC1T;1;;;80;;Never;;;F;F;0
0;0;AAL_CC1T;2;;;80;;Never;;;F;F;0
0;0;AAL_CC1T1;0;;;80;;Never;;;F;F;0
0;0;AAL_CC1T1;1;;;80;;Never;;;F;F;0
0;0;AAL_CC1T1;2;;;80;;Never;;;F;F;0
0;0;AAL_CC1T2;0;;;80;;Never;;;F;F;0
0;0;AAL_CC1T2;1;;;80;;Never;;;F;F;0
0;0;AAL_CC1T2;2;;;80;;Never;;;F;F;0
0;0;AAL_CC161;0;;;80;;Never;;;F;F;0
0;0;AAL_CC161;1;;;80;;Never;;;F;F;0
0;0;AAL_CC161;2;;;80;;Never;;;F;F;0
0;0;AAL_CC162;0;;;80;;Never;;;F;F;0
0;0;AAL_CC162;1;;;80;;Never;;;F;F;0
0;0;AAL_CC162;2;;;80;;Never;;;F;F;0
0;0;AAL_CC1N1;0;;;80;;Never;;;F;F;0
0;0;AAL_CC1N1;1;;;80;;Never;;;F;F;0
0;0;AAL_CC1N1;2;;;80;;Never;;;F;F;0
0;0;AAL_CC1J4;0;;;80;;Never;;;F;F;0
0;0;AAL_CC1J4;1;;;80;;Never;;;F;F;0
0;0;AAL_CC1J4;2;;;80;;Never;;;F;F;0
0;0;AAL_CC1J1;0;;;80;;Never;;;F;F;0
0;0;AAL_CC1J1;1;;;80;;Never;;;F;F;0
0;0;AAL_CC1J1;2;;;80;;Never;;;F;F;0
0;0;AAL_CC1J11;0;;;80;;Never;;;F;F;0
0;0;AAL_CC1J11;1;;;80;;Never;;;F;F;0
0;0;AAL_CC1J11;2;;;80;;Never;;;F;F;0
0;0;AAL_CC1J12;0;;;80;;Never;;;F;F;0
0;0;AAL_CC1J12;1;;;80;;Never;;;F;F;0
0;0;AAL_CC1J12;2;;;80;;Never;;;F;F;0
0;0;AAL_CC1J2;0;;;80;;Never;;;F;F;0
0;0;AAL_CC1J2;1;;;80;;Never;;;F;F;0
0;0;AAL_CC1J2;2;;;80;;Never;;;F;F;0
0;0;AAL_CC1J21;0;;;80;;Never;;;F;F;0
0;0;AAL_CC1J21;1;;;80;;Never;;;F;F;0
0;0;AAL_CC1J21;2;;;80;;Never;;;F;F;0
0;0;AAL_CC1J22;0;;;80;;Never;;;F;F;0
0;0;AAL_CC1J22;1;;;80;;Never;;;F;F;0
0;0;AAL_CC1J22;2;;;80;;Never;;;F;F;0
0;0;AAL_CC1J3;0;;;80;;Never;;;F;F;0
0;0;AAL_CC1J3;1;;;80;;Never;;;F;F;0
0;0;AAL_CC1J3;2;;;80;;Never;;;F;F;0
0;0;AAL_CC1J31;0;;;80;;Never;;;F;F;0
0;0;AAL_CC1J31;1;;;80;;Never;;;F;F;0
0;0;AAL_CC1J31;2;;;80;;Never;;;F;F;0
